,subject,task,ecg,eda,resp,video,audio,n_modalities,has_label,pattern
2ea4_Baseline,2ea4,Baseline,1,1,1,0,0,3,0,11100
2ea4_Breathing,2ea4,Breathing,1,1,1,1,0,4,1,11110
2ea4_Counting1,2ea4,Counting1,1,1,1,1,1,5,1,11111
2ea4_Counting2,2ea4,Counting2,1,1,1,1,1,5,1,11111
2ea4_Counting3,2ea4,Counting3,1,1,1,1,1,5,1,11111
2ea4_Math,2ea4,Math,1,1,1,1,1,5,1,11111
2ea4_Reading,2ea4,Reading,1,1,1,1,1,5,1,11111
2ea4_Relax,2ea4,Relax,1,1,1,1,0,4,1,11110
2ea4_Speaking,2ea4,Speaking,1,1,1,1,1,5,1,11111
2ea4_Stroop,2ea4,Stroop,1,1,1,1,1,5,1,11111
2ea4_Video1,2ea4,Video1,1,1,1,1,0,4,1,11110
2ea4_Video2,2ea4,Video2,1,1,1,1,0,4,1,11110
2hpu_Baseline,2hpu,Baseline,1,1,1,0,0,3,0,11100
2hpu_Breathing,2hpu,Breathing,1,1,1,1,0,4,1,11110
2hpu_Counting1,2hpu,Counting1,1,1,1,1,1,5,1,11111
2hpu_Counting2,2hpu,Counting2,1,1,1,1,1,5,1,11111
2hpu_Counting3,2hpu,Counting3,1,1,1,1,1,5,1,11111
2hpu_Math,2hpu,Math,1,1,1,1,1,5,1,11111
2hpu_Reading,2hpu,Reading,1,1,1,1,1,5,1,11111
2hpu_Relax,2hpu,Relax,1,1,1,1,0,4,1,11110
2hpu_Speaking,2hpu,Speaking,1,1,1,1,1,5,1,11111
2hpu_Stroop,2hpu,Stroop,1,1,1,1,1,5,1,11111
2hpu_Video1,2hpu,Video1,1,1,1,1,0,4,1,11110
2hpu_Video2,2hpu,Video2,1,1,1,1,0,4,1,11110
2z7d_Baseline,2z7d,Baseline,1,1,1,0,0,3,0,11100
2z7d_Breathing,2z7d,Breathing,1,1,1,1,0,4,1,11110
2z7d_Counting1,2z7d,Counting1,1,1,1,1,1,5,1,11111
2z7d_Counting2,2z7d,Counting2,1,1,1,1,1,5,1,11111
2z7d_Counting3,2z7d,Counting3,1,1,1,1,1,5,1,11111
2z7d_Math,2z7d,Math,1,1,1,1,1,5,1,11111
2z7d_Reading,2z7d,Reading,1,1,1,1,1,5,1,11111
2z7d_Relax,2z7d,Relax,1,1,1,1,0,4,1,11110
2z7d_Speaking,2z7d,Speaking,1,1,1,1,1,5,1,11111
2z7d_Stroop,2z7d,Stroop,1,1,1,1,1,5,1,11111
2z7d_Video1,2z7d,Video1,1,1,1,1,0,4,1,11110
2z7d_Video2,2z7d,Video2,1,1,1,1,0,4,1,11110
37ir_Baseline,37ir,Baseline,1,1,1,0,0,3,0,11100
37ir_Breathing,37ir,Breathing,1,1,1,0,0,3,1,11100
37ir_Counting1,37ir,Counting1,1,1,1,0,0,3,1,11100
37ir_Counting2,37ir,Counting2,1,1,1,0,0,3,1,11100
37ir_Counting3,37ir,Counting3,1,1,1,0,0,3,1,11100
37ir_Math,37ir,Math,1,1,1,0,0,3,1,11100
37ir_Reading,37ir,Reading,1,1,1,0,0,3,1,11100
37ir_Relax,37ir,Relax,1,1,1,0,0,3,1,11100
37ir_Speaking,37ir,Speaking,1,1,1,0,0,3,1,11100
37ir_Stroop,37ir,Stroop,1,1,1,0,0,3,1,11100
37ir_Video1,37ir,Video1,1,1,1,0,0,3,1,11100
37ir_Video2,37ir,Video2,1,1,1,0,0,3,1,11100
45lx_Baseline,45lx,Baseline,1,1,1,0,0,3,0,11100
45lx_Breathing,45lx,Breathing,1,1,1,1,0,4,1,11110
45lx_Counting1,45lx,Counting1,1,1,1,1,1,5,1,11111
45lx_Counting2,45lx,Counting2,1,1,1,1,1,5,1,11111
45lx_Counting3,45lx,Counting3,1,1,1,1,1,5,1,11111
45lx_Math,45lx,Math,1,1,1,1,1,5,1,11111
45lx_Reading,45lx,Reading,1,1,1,1,1,5,1,11111
45lx_Relax,45lx,Relax,1,1,1,1,0,4,1,11110
45lx_Speaking,45lx,Speaking,1,1,1,1,1,5,1,11111
45lx_Stroop,45lx,Stroop,1,1,1,1,1,5,1,11111
45lx_Video1,45lx,Video1,1,1,1,1,0,4,1,11110
45lx_Video2,45lx,Video2,1,1,1,1,0,4,1,11110
4e8r_Baseline,4e8r,Baseline,1,1,1,0,0,3,0,11100
4e8r_Breathing,4e8r,Breathing,1,1,1,1,0,4,1,11110
4e8r_Counting1,4e8r,Counting1,1,1,1,1,1,5,1,11111
4e8r_Counting2,4e8r,Counting2,1,1,1,1,1,5,1,11111
4e8r_Counting3,4e8r,Counting3,1,1,1,1,1,5,1,11111
4e8r_Math,4e8r,Math,1,1,1,1,1,5,1,11111
4e8r_Reading,4e8r,Reading,1,1,1,1,1,5,1,11111
4e8r_Relax,4e8r,Relax,1,1,1,1,0,4,1,11110
4e8r_Speaking,4e8r,Speaking,1,1,1,1,1,5,1,11111
4e8r_Stroop,4e8r,Stroop,1,1,1,1,1,5,1,11111
4e8r_Video1,4e8r,Video1,1,1,1,1,0,4,1,11110
4e8r_Video2,4e8r,Video2,1,1,1,1,0,4,1,11110
4woj_Baseline,4woj,Baseline,1,1,1,0,0,3,0,11100
4woj_Breathing,4woj,Breathing,1,1,1,1,0,4,1,11110
4woj_Counting1,4woj,Counting1,1,1,1,1,1,5,1,11111
4woj_Counting2,4woj,Counting2,1,1,1,1,1,5,1,11111
4woj_Counting3,4woj,Counting3,1,1,1,1,1,5,1,11111
4woj_Math,4woj,Math,1,1,1,1,1,5,1,11111
4woj_Reading,4woj,Reading,1,1,1,1,1,5,1,11111
4woj_Relax,4woj,Relax,1,1,1,1,0,4,1,11110
4woj_Speaking,4woj,Speaking,1,1,1,1,1,5,1,11111
4woj_Stroop,4woj,Stroop,1,1,1,1,1,5,1,11111
4woj_Video1,4woj,Video1,1,1,1,1,0,4,1,11110
4woj_Video2,4woj,Video2,1,1,1,1,0,4,1,11110
5f7t_Baseline,5f7t,Baseline,1,1,1,0,0,3,0,11100
5f7t_Breathing,5f7t,Breathing,1,1,1,1,0,4,1,11110
5f7t_Counting1,5f7t,Counting1,1,1,1,1,1,5,1,11111
5f7t_Counting2,5f7t,Counting2,1,1,1,1,1,5,1,11111
5f7t_Counting3,5f7t,Counting3,1,1,1,1,1,5,1,11111
5f7t_Math,5f7t,Math,1,1,1,1,1,5,1,11111
5f7t_Reading,5f7t,Reading,1,1,1,1,1,5,1,11111
5f7t_Relax,5f7t,Relax,1,1,1,1,0,4,1,11110
5f7t_Speaking,5f7t,Speaking,1,1,1,1,1,5,1,11111
5f7t_Stroop,5f7t,Stroop,1,1,1,1,1,5,1,11111
5f7t_Video1,5f7t,Video1,1,1,1,1,0,4,1,11110
5f7t_Video2,5f7t,Video2,1,1,1,1,0,4,1,11110
6g6y_Baseline,6g6y,Baseline,1,1,1,0,0,3,0,11100
6g6y_Breathing,6g6y,Breathing,1,1,1,1,0,4,1,11110
6g6y_Counting1,6g6y,Counting1,1,1,1,1,1,5,1,11111
6g6y_Counting2,6g6y,Counting2,1,1,1,1,1,5,1,11111
6g6y_Counting3,6g6y,Counting3,1,1,1,1,1,5,1,11111
6g6y_Math,6g6y,Math,1,1,1,1,1,5,1,11111
6g6y_Reading,6g6y,Reading,1,1,1,1,1,5,1,11111
6g6y_Relax,6g6y,Relax,1,1,1,1,0,4,1,11110
6g6y_Speaking,6g6y,Speaking,1,1,1,1,1,5,1,11111
6g6y_Stroop,6g6y,Stroop,1,1,1,1,1,5,1,11111
6g6y_Video1,6g6y,Video1,1,1,1,1,0,4,1,11110
6g6y_Video2,6g6y,Video2,1,1,1,1,0,4,1,11110
6k5f_Baseline,6k5f,Baseline,1,1,1,0,0,3,0,11100
6k5f_Breathing,6k5f,Breathing,1,1,1,1,0,4,1,11110
6k5f_Counting1,6k5f,Counting1,1,1,1,1,1,5,1,11111
6k5f_Counting2,6k5f,Counting2,1,1,1,1,1,5,1,11111
6k5f_Counting3,6k5f,Counting3,1,1,1,1,1,5,1,11111
6k5f_Math,6k5f,Math,1,1,1,1,1,5,1,11111
6k5f_Reading,6k5f,Reading,1,1,1,1,1,5,1,11111
6k5f_Relax,6k5f,Relax,1,1,1,1,0,4,1,11110
6k5f_Speaking,6k5f,Speaking,1,1,1,1,1,5,1,11111
6k5f_Stroop,6k5f,Stroop,1,1,1,1,1,5,1,11111
6k5f_Video1,6k5f,Video1,1,1,1,1,0,4,1,11110
6k5f_Video2,6k5f,Video2,1,1,1,1,0,4,1,11110
71i5_Baseline,71i5,Baseline,1,1,1,0,0,3,0,11100
71i5_Breathing,71i5,Breathing,1,1,1,1,0,4,1,11110
71i5_Counting1,71i5,Counting1,1,1,1,1,0,4,1,11110
71i5_Counting2,71i5,Counting2,1,1,1,1,0,4,1,11110
71i5_Counting3,71i5,Counting3,1,1,1,1,0,4,1,11110
71i5_Math,71i5,Math,1,1,1,1,0,4,1,11110
71i5_Reading,71i5,Reading,1,1,1,1,0,4,1,11110
71i5_Relax,71i5,Relax,1,1,1,1,0,4,1,11110
71i5_Speaking,71i5,Speaking,1,1,1,1,0,4,1,11110
71i5_Stroop,71i5,Stroop,1,1,1,1,0,4,1,11110
71i5_Video1,71i5,Video1,1,1,1,1,0,4,1,11110
71i5_Video2,71i5,Video2,1,1,1,1,0,4,1,11110
7h5u_Baseline,7h5u,Baseline,1,1,1,0,0,3,0,11100
7h5u_Breathing,7h5u,Breathing,1,1,1,1,0,4,1,11110
7h5u_Counting1,7h5u,Counting1,1,1,1,1,1,5,1,11111
7h5u_Counting2,7h5u,Counting2,1,1,1,1,1,5,1,11111
7h5u_Counting3,7h5u,Counting3,1,1,1,1,1,5,1,11111
7h5u_Math,7h5u,Math,1,1,1,1,1,5,1,11111
7h5u_Reading,7h5u,Reading,1,1,1,1,1,5,1,11111
7h5u_Relax,7h5u,Relax,1,1,1,1,0,4,1,11110
7h5u_Speaking,7h5u,Speaking,1,1,1,1,1,5,1,11111
7h5u_Stroop,7h5u,Stroop,1,1,1,1,1,5,1,11111
7h5u_Video1,7h5u,Video1,1,1,1,1,0,4,1,11110
7h5u_Video2,7h5u,Video2,0,0,0,1,0,1,0,00010
7m3c_Baseline,7m3c,Baseline,1,1,1,0,0,3,0,11100
7m3c_Breathing,7m3c,Breathing,1,1,1,1,0,4,1,11110
7m3c_Counting1,7m3c,Counting1,1,1,1,1,1,5,1,11111
7m3c_Counting2,7m3c,Counting2,1,1,1,1,1,5,1,11111
7m3c_Counting3,7m3c,Counting3,1,1,1,1,1,5,1,11111
7m3c_Math,7m3c,Math,1,1,1,1,1,5,1,11111
7m3c_Reading,7m3c,Reading,1,1,1,1,1,5,1,11111
7m3c_Relax,7m3c,Relax,1,1,1,1,0,4,1,11110
7m3c_Speaking,7m3c,Speaking,1,1,1,1,1,5,1,11111
7m3c_Stroop,7m3c,Stroop,1,1,1,1,1,5,1,11111
7m3c_Video1,7m3c,Video1,1,1,1,1,0,4,1,11110
7m3c_Video2,7m3c,Video2,1,1,1,1,0,4,1,11110
8g4y_Baseline,8g4y,Baseline,1,1,1,0,0,3,0,11100
8g4y_Breathing,8g4y,Breathing,1,1,1,1,0,4,1,11110
8g4y_Counting1,8g4y,Counting1,1,1,1,1,1,5,1,11111
8g4y_Counting2,8g4y,Counting2,1,1,1,1,1,5,1,11111
8g4y_Counting3,8g4y,Counting3,1,1,1,1,1,5,1,11111
8g4y_Math,8g4y,Math,1,1,1,1,1,5,1,11111
8g4y_Reading,8g4y,Reading,1,1,1,1,1,5,1,11111
8g4y_Relax,8g4y,Relax,1,1,1,1,0,4,1,11110
8g4y_Speaking,8g4y,Speaking,1,1,1,1,1,5,1,11111
8g4y_Stroop,8g4y,Stroop,1,1,1,1,1,5,1,11111
8g4y_Video1,8g4y,Video1,1,1,1,1,0,4,1,11110
8g4y_Video2,8g4y,Video2,1,1,1,1,0,4,1,11110
8i4i_Baseline,8i4i,Baseline,1,1,1,0,0,3,0,11100
8i4i_Breathing,8i4i,Breathing,1,1,1,1,0,4,1,11110
8i4i_Counting1,8i4i,Counting1,1,1,1,1,1,5,1,11111
8i4i_Counting2,8i4i,Counting2,1,1,1,1,1,5,1,11111
8i4i_Counting3,8i4i,Counting3,1,1,1,1,1,5,1,11111
8i4i_Math,8i4i,Math,1,1,1,1,1,5,1,11111
8i4i_Reading,8i4i,Reading,1,1,1,1,1,5,1,11111
8i4i_Relax,8i4i,Relax,1,1,1,1,0,4,1,11110
8i4i_Speaking,8i4i,Speaking,1,1,1,1,1,5,1,11111
8i4i_Stroop,8i4i,Stroop,1,1,1,1,1,5,1,11111
8i4i_Video1,8i4i,Video1,1,1,1,1,0,4,1,11110
8i4i_Video2,8i4i,Video2,1,1,1,1,0,4,1,11110
9j3o_Baseline,9j3o,Baseline,1,1,1,0,0,3,0,11100
9j3o_Breathing,9j3o,Breathing,1,1,1,0,0,3,1,11100
9j3o_Counting1,9j3o,Counting1,1,1,1,0,1,4,1,11101
9j3o_Counting2,9j3o,Counting2,1,1,1,0,1,4,1,11101
9j3o_Counting3,9j3o,Counting3,1,1,1,0,1,4,1,11101
9j3o_Math,9j3o,Math,1,1,1,0,1,4,1,11101
9j3o_Reading,9j3o,Reading,1,1,1,0,1,4,1,11101
9j3o_Relax,9j3o,Relax,1,1,1,0,0,3,1,11100
9j3o_Speaking,9j3o,Speaking,1,1,1,0,1,4,1,11101
9j3o_Stroop,9j3o,Stroop,1,1,1,0,1,4,1,11101
9j3o_Video1,9j3o,Video1,1,1,1,0,0,3,1,11100
9j3o_Video2,9j3o,Video2,1,1,1,0,0,3,1,11100
9t6n_Baseline,9t6n,Baseline,1,1,1,0,0,3,0,11100
9t6n_Breathing,9t6n,Breathing,1,1,1,1,0,4,1,11110
9t6n_Counting1,9t6n,Counting1,1,1,1,1,1,5,1,11111
9t6n_Counting2,9t6n,Counting2,1,1,1,1,1,5,1,11111
9t6n_Counting3,9t6n,Counting3,1,1,1,1,1,5,1,11111
9t6n_Math,9t6n,Math,1,1,1,1,1,5,1,11111
9t6n_Reading,9t6n,Reading,1,1,1,1,1,5,1,11111
9t6n_Relax,9t6n,Relax,1,1,1,1,0,4,1,11110
9t6n_Speaking,9t6n,Speaking,1,1,1,1,1,5,1,11111
9t6n_Stroop,9t6n,Stroop,1,1,1,1,1,5,1,11111
9t6n_Video1,9t6n,Video1,1,1,1,1,0,4,1,11110
9t6n_Video2,9t6n,Video2,1,1,1,1,0,4,1,11110
9txq_Baseline,9txq,Baseline,1,1,1,0,0,3,0,11100
9txq_Breathing,9txq,Breathing,1,1,1,1,0,4,1,11110
9txq_Counting1,9txq,Counting1,1,1,1,1,1,5,1,11111
9txq_Counting2,9txq,Counting2,1,1,1,1,1,5,1,11111
9txq_Counting3,9txq,Counting3,1,1,1,1,1,5,1,11111
9txq_Math,9txq,Math,1,1,1,1,1,5,1,11111
9txq_Reading,9txq,Reading,1,1,1,1,1,5,1,11111
9txq_Relax,9txq,Relax,1,1,1,1,0,4,1,11110
9txq_Speaking,9txq,Speaking,1,1,1,1,1,5,1,11111
9txq_Stroop,9txq,Stroop,1,1,1,1,1,5,1,11111
9txq_Video1,9txq,Video1,1,1,1,1,0,4,1,11110
9txq_Video2,9txq,Video2,1,1,1,1,0,4,1,11110
a1k9_Baseline,a1k9,Baseline,1,1,1,0,0,3,0,11100
a1k9_Breathing,a1k9,Breathing,1,1,1,1,0,4,1,11110
a1k9_Counting1,a1k9,Counting1,1,1,1,1,1,5,1,11111
a1k9_Counting2,a1k9,Counting2,1,1,1,1,1,5,1,11111
a1k9_Counting3,a1k9,Counting3,1,1,1,1,1,5,1,11111
a1k9_Math,a1k9,Math,1,1,1,1,1,5,1,11111
a1k9_Reading,a1k9,Reading,1,1,1,1,1,5,1,11111
a1k9_Relax,a1k9,Relax,1,1,1,1,0,4,1,11110
a1k9_Speaking,a1k9,Speaking,1,1,1,1,1,5,1,11111
a1k9_Stroop,a1k9,Stroop,1,1,1,1,1,5,1,11111
a1k9_Video1,a1k9,Video1,1,1,1,1,0,4,1,11110
a1k9_Video2,a1k9,Video2,1,1,1,1,0,4,1,11110
b2l8_Baseline,b2l8,Baseline,1,1,1,0,0,3,0,11100
b2l8_Breathing,b2l8,Breathing,1,1,1,1,0,4,1,11110
b2l8_Counting1,b2l8,Counting1,1,1,1,1,1,5,1,11111
b2l8_Counting2,b2l8,Counting2,1,1,1,1,1,5,1,11111
b2l8_Counting3,b2l8,Counting3,1,1,1,1,1,5,1,11111
b2l8_Math,b2l8,Math,1,1,1,1,1,5,1,11111
b2l8_Reading,b2l8,Reading,1,1,1,1,1,5,1,11111
b2l8_Relax,b2l8,Relax,1,1,1,1,0,4,1,11110
b2l8_Speaking,b2l8,Speaking,1,1,1,1,1,5,1,11111
b2l8_Stroop,b2l8,Stroop,1,1,1,1,1,5,1,11111
b2l8_Video1,b2l8,Video1,1,1,1,1,0,4,1,11110
b2l8_Video2,b2l8,Video2,1,1,1,1,0,4,1,11110
b9w0_Baseline,b9w0,Baseline,1,1,1,0,0,3,0,11100
b9w0_Breathing,b9w0,Breathing,1,1,1,1,0,4,1,11110
b9w0_Counting1,b9w0,Counting1,1,1,1,1,1,5,1,11111
b9w0_Counting2,b9w0,Counting2,1,1,1,1,1,5,1,11111
b9w0_Counting3,b9w0,Counting3,1,1,1,1,1,5,1,11111
b9w0_Math,b9w0,Math,1,1,1,1,1,5,1,11111
b9w0_Reading,b9w0,Reading,1,1,1,1,1,5,1,11111
b9w0_Relax,b9w0,Relax,1,1,1,1,0,4,1,11110
b9w0_Speaking,b9w0,Speaking,1,1,1,1,1,5,1,11111
b9w0_Stroop,b9w0,Stroop,1,1,1,1,1,5,1,11111
b9w0_Video1,b9w0,Video1,1,1,1,1,0,4,1,11110
b9w0_Video2,b9w0,Video2,1,1,1,1,0,4,1,11110
bfl5_Baseline,bfl5,Baseline,1,1,1,0,0,3,0,11100
bfl5_Breathing,bfl5,Breathing,1,1,1,1,0,4,1,11110
bfl5_Counting1,bfl5,Counting1,1,1,1,1,1,5,1,11111
bfl5_Counting2,bfl5,Counting2,1,1,1,1,1,5,1,11111
bfl5_Counting3,bfl5,Counting3,1,1,1,1,1,5,1,11111
bfl5_Math,bfl5,Math,1,1,1,1,1,5,1,11111
bfl5_Reading,bfl5,Reading,1,1,1,1,1,5,1,11111
bfl5_Relax,bfl5,Relax,1,1,1,1,0,4,1,11110
bfl5_Speaking,bfl5,Speaking,1,1,1,1,1,5,1,11111
bfl5_Stroop,bfl5,Stroop,1,1,1,1,1,5,1,11111
bfl5_Video1,bfl5,Video1,1,1,1,1,0,4,1,11110
bfl5_Video2,bfl5,Video2,1,1,1,1,0,4,1,11110
c3m7_Baseline,c3m7,Baseline,1,1,1,0,0,3,0,11100
c3m7_Breathing,c3m7,Breathing,1,1,1,1,0,4,1,11110
c3m7_Counting1,c3m7,Counting1,1,1,1,1,1,5,1,11111
c3m7_Counting2,c3m7,Counting2,1,1,1,1,1,5,1,11111
c3m7_Counting3,c3m7,Counting3,1,1,1,1,1,5,1,11111
c3m7_Math,c3m7,Math,1,1,1,1,1,5,1,11111
c3m7_Reading,c3m7,Reading,1,1,1,1,1,5,1,11111
c3m7_Relax,c3m7,Relax,1,1,1,1,0,4,1,11110
c3m7_Speaking,c3m7,Speaking,1,1,1,1,1,5,1,11111
c3m7_Stroop,c3m7,Stroop,1,1,1,1,1,5,1,11111
c3m7_Video1,c3m7,Video1,1,1,1,1,0,4,1,11110
c3m7_Video2,c3m7,Video2,1,1,1,1,0,4,1,11110
chdf_Baseline,chdf,Baseline,1,1,1,0,0,3,0,11100
chdf_Breathing,chdf,Breathing,1,1,1,1,0,4,1,11110
chdf_Counting1,chdf,Counting1,1,1,1,1,1,5,1,11111
chdf_Counting2,chdf,Counting2,1,1,1,1,1,5,1,11111
chdf_Counting3,chdf,Counting3,1,1,1,1,1,5,1,11111
chdf_Math,chdf,Math,1,1,1,1,1,5,1,11111
chdf_Reading,chdf,Reading,1,1,1,1,1,5,1,11111
chdf_Relax,chdf,Relax,1,1,1,1,0,4,1,11110
chdf_Speaking,chdf,Speaking,1,1,1,1,1,5,1,11111
chdf_Stroop,chdf,Stroop,1,1,1,1,1,5,1,11111
chdf_Video1,chdf,Video1,1,1,1,1,0,4,1,11110
chdf_Video2,chdf,Video2,1,1,1,1,0,4,1,11110
ctzy_Baseline,ctzy,Baseline,1,1,1,0,0,3,0,11100
ctzy_Breathing,ctzy,Breathing,1,1,1,1,0,4,1,11110
ctzy_Counting1,ctzy,Counting1,1,1,1,1,1,5,1,11111
ctzy_Counting2,ctzy,Counting2,1,1,1,1,1,5,1,11111
ctzy_Counting3,ctzy,Counting3,1,1,1,1,1,5,1,11111
ctzy_Math,ctzy,Math,1,1,1,1,1,5,1,11111
ctzy_Reading,ctzy,Reading,1,1,1,1,1,5,1,11111
ctzy_Relax,ctzy,Relax,1,1,1,1,0,4,1,11110
ctzy_Speaking,ctzy,Speaking,1,1,1,1,1,5,1,11111
ctzy_Stroop,ctzy,Stroop,1,1,1,1,1,5,1,11111
ctzy_Video1,ctzy,Video1,1,1,1,1,0,4,1,11110
ctzy_Video2,ctzy,Video2,1,1,1,1,0,4,1,11110
cxj0_Baseline,cxj0,Baseline,1,1,1,0,0,3,0,11100
cxj0_Breathing,cxj0,Breathing,1,1,1,1,0,4,1,11110
cxj0_Counting1,cxj0,Counting1,1,1,1,1,1,5,1,11111
cxj0_Counting2,cxj0,Counting2,1,1,1,1,1,5,1,11111
cxj0_Counting3,cxj0,Counting3,1,1,1,1,1,5,1,11111
cxj0_Math,cxj0,Math,1,1,1,1,1,5,1,11111
cxj0_Reading,cxj0,Reading,1,1,1,1,1,5,1,11111
cxj0_Relax,cxj0,Relax,1,1,1,1,0,4,1,11110
cxj0_Speaking,cxj0,Speaking,1,1,1,1,1,5,1,11111
cxj0_Stroop,cxj0,Stroop,1,1,1,1,1,5,1,11111
cxj0_Video1,cxj0,Video1,1,1,1,1,0,4,1,11110
cxj0_Video2,cxj0,Video2,1,1,1,1,0,4,1,11110
d4n6_Baseline,d4n6,Baseline,1,1,1,0,0,3,0,11100
d4n6_Breathing,d4n6,Breathing,1,1,1,1,0,4,1,11110
d4n6_Counting1,d4n6,Counting1,1,1,1,1,1,5,1,11111
d4n6_Counting2,d4n6,Counting2,1,1,1,1,1,5,1,11111
d4n6_Counting3,d4n6,Counting3,1,1,1,1,1,5,1,11111
d4n6_Math,d4n6,Math,1,1,1,1,1,5,1,11111
d4n6_Reading,d4n6,Reading,1,1,1,1,1,5,1,11111
d4n6_Relax,d4n6,Relax,1,1,1,1,0,4,1,11110
d4n6_Speaking,d4n6,Speaking,1,1,1,1,1,5,1,11111
d4n6_Stroop,d4n6,Stroop,1,1,1,1,1,5,1,11111
d4n6_Video1,d4n6,Video1,1,1,1,1,0,4,1,11110
d4n6_Video2,d4n6,Video2,1,1,1,1,0,4,1,11110
dmbd_Baseline,dmbd,Baseline,1,1,1,0,0,3,0,11100
dmbd_Breathing,dmbd,Breathing,1,1,1,0,0,3,1,11100
dmbd_Counting1,dmbd,Counting1,1,1,1,0,0,3,1,11100
dmbd_Counting2,dmbd,Counting2,1,1,1,0,0,3,1,11100
dmbd_Counting3,dmbd,Counting3,1,1,1,0,0,3,1,11100
dmbd_Math,dmbd,Math,1,1,1,0,0,3,1,11100
dmbd_Reading,dmbd,Reading,1,1,1,0,0,3,1,11100
dmbd_Relax,dmbd,Relax,1,1,1,0,0,3,1,11100
dmbd_Speaking,dmbd,Speaking,1,1,1,0,0,3,1,11100
dmbd_Stroop,dmbd,Stroop,1,1,1,0,0,3,1,11100
dmbd_Video1,dmbd,Video1,1,1,1,0,0,3,1,11100
dmbd_Video2,dmbd,Video2,1,1,1,0,0,3,1,11100
e5p4_Baseline,e5p4,Baseline,1,1,1,0,0,3,0,11100
e5p4_Breathing,e5p4,Breathing,1,1,1,1,0,4,1,11110
e5p4_Counting1,e5p4,Counting1,1,1,1,1,1,5,1,11111
e5p4_Counting2,e5p4,Counting2,1,1,1,1,1,5,1,11111
e5p4_Counting3,e5p4,Counting3,1,1,1,1,1,5,1,11111
e5p4_Math,e5p4,Math,1,1,1,1,1,5,1,11111
e5p4_Reading,e5p4,Reading,1,1,1,1,1,5,1,11111
e5p4_Relax,e5p4,Relax,1,1,1,1,0,4,1,11110
e5p4_Speaking,e5p4,Speaking,1,1,1,1,1,5,1,11111
e5p4_Stroop,e5p4,Stroop,1,1,1,1,1,5,1,11111
e5p4_Video1,e5p4,Video1,1,1,1,1,0,4,1,11110
e5p4_Video2,e5p4,Video2,1,1,1,1,0,4,1,11110
f6q3_Baseline,f6q3,Baseline,1,1,1,0,0,3,0,11100
f6q3_Breathing,f6q3,Breathing,1,1,1,1,0,4,1,11110
f6q3_Counting1,f6q3,Counting1,1,1,1,1,0,4,1,11110
f6q3_Counting2,f6q3,Counting2,1,1,1,1,0,4,1,11110
f6q3_Counting3,f6q3,Counting3,1,1,1,1,0,4,1,11110
f6q3_Math,f6q3,Math,1,1,1,1,0,4,1,11110
f6q3_Reading,f6q3,Reading,1,1,1,1,0,4,1,11110
f6q3_Relax,f6q3,Relax,1,1,1,1,0,4,1,11110
f6q3_Speaking,f6q3,Speaking,1,1,1,1,0,4,1,11110
f6q3_Stroop,f6q3,Stroop,1,1,1,1,0,4,1,11110
f6q3_Video1,f6q3,Video1,1,1,1,1,0,4,1,11110
f6q3_Video2,f6q3,Video2,1,1,1,1,0,4,1,11110
g7r2_Baseline,g7r2,Baseline,1,1,1,0,0,3,0,11100
g7r2_Breathing,g7r2,Breathing,1,1,1,1,0,4,1,11110
g7r2_Counting1,g7r2,Counting1,1,1,1,1,1,5,1,11111
g7r2_Counting2,g7r2,Counting2,1,1,1,1,1,5,1,11111
g7r2_Counting3,g7r2,Counting3,1,1,1,1,1,5,1,11111
g7r2_Math,g7r2,Math,1,1,1,1,1,5,1,11111
g7r2_Reading,g7r2,Reading,1,1,1,1,1,5,1,11111
g7r2_Relax,g7r2,Relax,1,1,1,1,0,4,1,11110
g7r2_Speaking,g7r2,Speaking,1,1,1,1,1,5,1,11111
g7r2_Stroop,g7r2,Stroop,1,1,1,1,1,5,1,11111
g7r2_Video1,g7r2,Video1,1,1,1,1,0,4,1,11110
g7r2_Video2,g7r2,Video2,1,1,1,1,0,4,1,11110
g9j5_Baseline,g9j5,Baseline,1,1,1,0,0,3,0,11100
g9j5_Breathing,g9j5,Breathing,1,1,1,1,0,4,1,11110
g9j5_Counting1,g9j5,Counting1,1,1,1,1,1,5,1,11111
g9j5_Counting2,g9j5,Counting2,1,1,1,1,1,5,1,11111
g9j5_Counting3,g9j5,Counting3,1,1,1,1,1,5,1,11111
g9j5_Math,g9j5,Math,1,1,1,1,1,5,1,11111
g9j5_Reading,g9j5,Reading,1,1,1,1,1,5,1,11111
g9j5_Relax,g9j5,Relax,1,1,1,1,0,4,1,11110
g9j5_Speaking,g9j5,Speaking,1,1,1,1,1,5,1,11111
g9j5_Stroop,g9j5,Stroop,1,1,1,1,1,5,1,11111
g9j5_Video1,g9j5,Video1,1,1,1,1,0,4,1,11110
g9j5_Video2,g9j5,Video2,1,1,1,1,0,4,1,11110
h7j3_Baseline,h7j3,Baseline,1,1,1,0,0,3,0,11100
h7j3_Breathing,h7j3,Breathing,1,1,1,1,0,4,1,11110
h7j3_Counting1,h7j3,Counting1,1,1,1,1,1,5,1,11111
h7j3_Counting2,h7j3,Counting2,1,1,1,1,1,5,1,11111
h7j3_Counting3,h7j3,Counting3,1,1,1,1,1,5,1,11111
h7j3_Math,h7j3,Math,1,1,1,1,1,5,1,11111
h7j3_Reading,h7j3,Reading,1,1,1,1,1,5,1,11111
h7j3_Relax,h7j3,Relax,0,0,0,1,0,1,0,00010
h7j3_Speaking,h7j3,Speaking,1,1,1,1,1,5,1,11111
h7j3_Stroop,h7j3,Stroop,1,1,1,1,1,5,1,11111
h7j3_Video1,h7j3,Video1,1,1,1,1,0,4,1,11110
h7j3_Video2,h7j3,Video2,1,1,1,1,0,4,1,11110
h8r2_Baseline,h8r2,Baseline,1,1,1,0,0,3,0,11100
h8r2_Breathing,h8r2,Breathing,1,1,1,0,0,3,1,11100
h8r2_Counting1,h8r2,Counting1,1,1,1,1,1,5,1,11111
h8r2_Counting2,h8r2,Counting2,1,1,1,1,1,5,1,11111
h8r2_Counting3,h8r2,Counting3,1,1,1,1,1,5,1,11111
h8r2_Math,h8r2,Math,1,1,1,1,1,5,1,11111
h8r2_Reading,h8r2,Reading,1,1,1,1,1,5,1,11111
h8r2_Relax,h8r2,Relax,1,1,1,1,0,4,1,11110
h8r2_Speaking,h8r2,Speaking,1,1,1,1,1,5,1,11111
h8r2_Stroop,h8r2,Stroop,1,1,1,1,1,5,1,11111
h8r2_Video1,h8r2,Video1,1,1,1,1,0,4,1,11110
h8r2_Video2,h8r2,Video2,1,1,1,1,0,4,1,11110
h8s1_Baseline,h8s1,Baseline,1,1,1,0,0,3,0,11100
h8s1_Breathing,h8s1,Breathing,1,1,1,1,0,4,1,11110
h8s1_Counting1,h8s1,Counting1,1,1,1,1,1,5,1,11111
h8s1_Counting2,h8s1,Counting2,1,1,1,1,1,5,1,11111
h8s1_Counting3,h8s1,Counting3,1,1,1,1,1,5,1,11111
h8s1_Math,h8s1,Math,1,1,1,1,1,5,1,11111
h8s1_Reading,h8s1,Reading,1,1,1,1,1,5,1,11111
h8s1_Relax,h8s1,Relax,1,1,1,1,0,4,1,11110
h8s1_Speaking,h8s1,Speaking,1,1,1,1,1,5,1,11111
h8s1_Stroop,h8s1,Stroop,1,1,1,1,1,5,1,11111
h8s1_Video1,h8s1,Video1,1,1,1,1,0,4,1,11110
h8s1_Video2,h8s1,Video2,1,1,1,1,0,4,1,11110
hh2e_Breathing,hh2e,Breathing,1,1,1,0,0,3,0,11100
hh2e_Counting1,hh2e,Counting1,1,1,1,0,0,3,0,11100
hh2e_Counting2,hh2e,Counting2,1,1,1,0,0,3,0,11100
hh2e_Counting3,hh2e,Counting3,1,1,1,0,0,3,0,11100
hh2e_Math,hh2e,Math,1,1,1,0,0,3,0,11100
hh2e_Reading,hh2e,Reading,1,1,1,0,0,3,0,11100
hh2e_Speaking,hh2e,Speaking,1,1,1,0,0,3,0,11100
hh2e_Stroop,hh2e,Stroop,1,1,1,0,0,3,0,11100
hh2e_Video1,hh2e,Video1,1,1,1,0,0,3,0,11100
hh2e_Video2,hh2e,Video2,1,1,1,0,0,3,0,11100
hvpa_Baseline,hvpa,Baseline,1,1,1,0,0,3,0,11100
hvpa_Breathing,hvpa,Breathing,1,1,1,0,0,3,1,11100
hvpa_Counting1,hvpa,Counting1,1,1,1,0,0,3,1,11100
hvpa_Counting2,hvpa,Counting2,1,1,1,0,0,3,1,11100
hvpa_Counting3,hvpa,Counting3,1,1,1,0,0,3,1,11100
hvpa_Math,hvpa,Math,1,1,1,0,0,3,1,11100
hvpa_Reading,hvpa,Reading,1,1,1,0,0,3,1,11100
hvpa_Relax,hvpa,Relax,1,1,1,0,0,3,1,11100
hvpa_Speaking,hvpa,Speaking,1,1,1,0,0,3,1,11100
hvpa_Stroop,hvpa,Stroop,1,1,1,0,0,3,1,11100
hvpa_Video1,hvpa,Video1,1,1,1,0,0,3,1,11100
hvpa_Video2,hvpa,Video2,1,1,1,0,0,3,1,11100
i9t9_Baseline,i9t9,Baseline,1,1,1,0,0,3,0,11100
i9t9_Breathing,i9t9,Breathing,1,1,1,1,0,4,1,11110
i9t9_Counting1,i9t9,Counting1,1,1,1,1,1,5,1,11111
i9t9_Counting2,i9t9,Counting2,1,1,1,1,1,5,1,11111
i9t9_Counting3,i9t9,Counting3,1,1,1,1,1,5,1,11111
i9t9_Math,i9t9,Math,1,1,1,1,1,5,1,11111
i9t9_Reading,i9t9,Reading,1,1,1,1,1,5,1,11111
i9t9_Relax,i9t9,Relax,1,1,1,1,0,4,1,11110
i9t9_Speaking,i9t9,Speaking,1,1,1,1,1,5,1,11111
i9t9_Stroop,i9t9,Stroop,1,1,1,1,1,5,1,11111
i9t9_Video1,i9t9,Video1,1,1,1,1,0,4,1,11110
i9t9_Video2,i9t9,Video2,1,1,1,1,0,4,1,11110
iqyg_Baseline,iqyg,Baseline,1,1,1,0,0,3,0,11100
iqyg_Breathing,iqyg,Breathing,1,1,1,1,0,4,1,11110
iqyg_Counting1,iqyg,Counting1,1,1,1,1,1,5,1,11111
iqyg_Counting2,iqyg,Counting2,1,1,1,1,1,5,1,11111
iqyg_Counting3,iqyg,Counting3,1,1,1,1,1,5,1,11111
iqyg_Math,iqyg,Math,1,1,1,1,1,5,1,11111
iqyg_Reading,iqyg,Reading,1,1,1,1,1,5,1,11111
iqyg_Relax,iqyg,Relax,1,1,1,1,0,4,1,11110
iqyg_Speaking,iqyg,Speaking,1,1,1,1,1,5,1,11111
iqyg_Stroop,iqyg,Stroop,1,1,1,1,1,5,1,11111
iqyg_Video1,iqyg,Video1,1,1,1,1,0,4,1,11110
iqyg_Video2,iqyg,Video2,1,1,1,1,0,4,1,11110
j1u8_Baseline,j1u8,Baseline,1,1,1,0,0,3,0,11100
j1u8_Breathing,j1u8,Breathing,1,1,1,1,0,4,1,11110
j1u8_Counting1,j1u8,Counting1,1,1,1,1,1,5,1,11111
j1u8_Counting2,j1u8,Counting2,1,1,1,1,1,5,1,11111
j1u8_Counting3,j1u8,Counting3,1,1,1,1,1,5,1,11111
j1u8_Math,j1u8,Math,1,1,1,1,1,5,1,11111
j1u8_Reading,j1u8,Reading,1,1,1,1,1,5,1,11111
j1u8_Relax,j1u8,Relax,1,1,1,1,0,4,1,11110
j1u8_Speaking,j1u8,Speaking,1,1,1,1,1,5,1,11111
j1u8_Stroop,j1u8,Stroop,1,1,1,1,1,5,1,11111
j1u8_Video1,j1u8,Video1,0,0,0,1,0,1,0,00010
j1u8_Video2,j1u8,Video2,1,1,1,1,0,4,1,11110
j9h8_Baseline,j9h8,Baseline,1,1,1,0,0,3,0,11100
j9h8_Breathing,j9h8,Breathing,1,1,1,1,0,4,1,11110
j9h8_Counting1,j9h8,Counting1,1,1,1,1,1,5,1,11111
j9h8_Counting2,j9h8,Counting2,1,1,1,1,1,5,1,11111
j9h8_Counting3,j9h8,Counting3,1,1,1,1,1,5,1,11111
j9h8_Math,j9h8,Math,1,1,1,1,1,5,1,11111
j9h8_Reading,j9h8,Reading,1,1,1,1,1,5,1,11111
j9h8_Relax,j9h8,Relax,1,1,1,1,0,4,1,11110
j9h8_Speaking,j9h8,Speaking,1,1,1,1,1,5,1,11111
j9h8_Stroop,j9h8,Stroop,1,1,1,1,1,5,1,11111
j9h8_Video1,j9h8,Video1,1,1,1,1,0,4,1,11110
j9h8_Video2,j9h8,Video2,1,1,1,1,0,4,1,11110
k2v7_Baseline,k2v7,Baseline,1,1,1,0,0,3,0,11100
k2v7_Breathing,k2v7,Breathing,1,1,1,1,0,4,1,11110
k2v7_Counting1,k2v7,Counting1,1,1,1,1,1,5,1,11111
k2v7_Counting2,k2v7,Counting2,1,1,1,1,1,5,1,11111
k2v7_Counting3,k2v7,Counting3,1,1,1,1,1,5,1,11111
k2v7_Math,k2v7,Math,1,1,1,1,1,5,1,11111
k2v7_Reading,k2v7,Reading,1,1,1,1,1,5,1,11111
k2v7_Relax,k2v7,Relax,1,1,1,1,0,4,1,11110
k2v7_Speaking,k2v7,Speaking,1,1,1,1,1,5,1,11111
k2v7_Stroop,k2v7,Stroop,1,1,1,1,1,5,1,11111
k2v7_Video1,k2v7,Video1,1,1,1,1,0,4,1,11110
k2v7_Video2,k2v7,Video2,1,1,1,1,0,4,1,11110
k67g_Baseline,k67g,Baseline,1,1,1,0,0,3,0,11100
k67g_Breathing,k67g,Breathing,1,1,1,0,0,3,1,11100
k67g_Counting1,k67g,Counting1,1,1,1,1,1,5,1,11111
k67g_Counting2,k67g,Counting2,1,1,1,1,1,5,1,11111
k67g_Counting3,k67g,Counting3,1,1,1,1,1,5,1,11111
k67g_Math,k67g,Math,1,1,1,1,1,5,1,11111
k67g_Reading,k67g,Reading,1,1,1,1,1,5,1,11111
k67g_Relax,k67g,Relax,1,1,1,1,0,4,1,11110
k67g_Speaking,k67g,Speaking,1,1,1,1,1,5,1,11111
k67g_Stroop,k67g,Stroop,1,1,1,1,1,5,1,11111
k67g_Video1,k67g,Video1,1,1,1,1,0,4,1,11110
k67g_Video2,k67g,Video2,1,1,1,1,0,4,1,11110
kkf5_Baseline,kkf5,Baseline,1,1,1,0,0,3,0,11100
kkf5_Breathing,kkf5,Breathing,1,1,1,1,0,4,1,11110
kkf5_Counting1,kkf5,Counting1,1,1,1,1,1,5,1,11111
kkf5_Counting2,kkf5,Counting2,1,1,1,1,1,5,1,11111
kkf5_Counting3,kkf5,Counting3,1,1,1,1,1,5,1,11111
kkf5_Math,kkf5,Math,1,1,1,1,1,5,1,11111
kkf5_Reading,kkf5,Reading,1,1,1,1,1,5,1,11111
kkf5_Relax,kkf5,Relax,1,1,1,1,0,4,1,11110
kkf5_Speaking,kkf5,Speaking,1,1,1,1,1,5,1,11111
kkf5_Stroop,kkf5,Stroop,1,1,1,1,1,5,1,11111
kkf5_Video1,kkf5,Video1,1,1,1,1,0,4,1,11110
kkf5_Video2,kkf5,Video2,1,1,1,1,0,4,1,11110
kycf_Baseline,kycf,Baseline,1,1,1,0,0,3,0,11100
kycf_Breathing,kycf,Breathing,1,1,1,1,0,4,1,11110
kycf_Counting1,kycf,Counting1,1,1,1,1,1,5,1,11111
kycf_Counting2,kycf,Counting2,1,1,1,1,1,5,1,11111
kycf_Counting3,kycf,Counting3,1,1,1,1,1,5,1,11111
kycf_Math,kycf,Math,1,1,1,1,1,5,1,11111
kycf_Reading,kycf,Reading,1,1,1,1,1,5,1,11111
kycf_Relax,kycf,Relax,1,1,1,1,0,4,1,11110
kycf_Speaking,kycf,Speaking,1,1,1,1,1,5,1,11111
kycf_Stroop,kycf,Stroop,1,1,1,1,1,5,1,11111
kycf_Video1,kycf,Video1,1,1,1,1,0,4,1,11110
kycf_Video2,kycf,Video2,1,1,1,1,0,4,1,11110
m8g5_Baseline,m8g5,Baseline,1,1,1,0,0,3,0,11100
m8g5_Breathing,m8g5,Breathing,1,1,1,1,0,4,1,11110
m8g5_Counting1,m8g5,Counting1,1,1,1,1,1,5,1,11111
m8g5_Counting2,m8g5,Counting2,1,1,1,1,1,5,1,11111
m8g5_Counting3,m8g5,Counting3,1,1,1,1,1,5,1,11111
m8g5_Math,m8g5,Math,1,1,1,1,1,5,1,11111
m8g5_Reading,m8g5,Reading,1,1,1,1,1,5,1,11111
m8g5_Relax,m8g5,Relax,1,1,1,1,0,4,1,11110
m8g5_Speaking,m8g5,Speaking,1,1,1,1,1,5,1,11111
m8g5_Stroop,m8g5,Stroop,1,1,1,1,1,5,1,11111
m8g5_Video1,m8g5,Video1,1,1,1,1,0,4,1,11110
m8g5_Video2,m8g5,Video2,1,1,1,1,0,4,1,11110
p9i3_Baseline,p9i3,Baseline,1,1,1,0,0,3,0,11100
p9i3_Breathing,p9i3,Breathing,1,1,1,1,0,4,1,11110
p9i3_Counting1,p9i3,Counting1,1,1,1,1,1,5,1,11111
p9i3_Counting2,p9i3,Counting2,1,1,1,1,1,5,1,11111
p9i3_Counting3,p9i3,Counting3,1,1,1,1,1,5,1,11111
p9i3_Math,p9i3,Math,1,1,1,1,1,5,1,11111
p9i3_Reading,p9i3,Reading,1,1,1,1,1,5,1,11111
p9i3_Relax,p9i3,Relax,1,1,1,1,0,4,1,11110
p9i3_Speaking,p9i3,Speaking,1,1,1,1,1,5,1,11111
p9i3_Stroop,p9i3,Stroop,1,1,1,1,1,5,1,11111
p9i3_Video1,p9i3,Video1,1,1,1,1,0,4,1,11110
p9i3_Video2,p9i3,Video2,1,1,1,1,0,4,1,11110
ql3b_Baseline,ql3b,Baseline,1,1,1,0,0,3,0,11100
ql3b_Breathing,ql3b,Breathing,1,1,1,0,0,3,1,11100
ql3b_Counting1,ql3b,Counting1,1,1,1,0,0,3,1,11100
ql3b_Counting2,ql3b,Counting2,1,1,1,0,0,3,1,11100
ql3b_Counting3,ql3b,Counting3,1,1,1,0,0,3,1,11100
ql3b_Math,ql3b,Math,1,1,1,0,0,3,1,11100
ql3b_Reading,ql3b,Reading,1,1,1,0,0,3,1,11100
ql3b_Relax,ql3b,Relax,1,1,1,0,0,3,1,11100
ql3b_Speaking,ql3b,Speaking,1,1,1,0,0,3,1,11100
ql3b_Stroop,ql3b,Stroop,1,1,1,0,0,3,1,11100
ql3b_Video1,ql3b,Video1,1,1,1,0,0,3,1,11100
ql3b_Video2,ql3b,Video2,1,1,1,0,0,3,1,11100
qw5t_Baseline,qw5t,Baseline,1,1,1,0,0,3,0,11100
qw5t_Breathing,qw5t,Breathing,1,1,1,1,0,4,1,11110
qw5t_Counting1,qw5t,Counting1,1,1,1,1,1,5,1,11111
qw5t_Counting2,qw5t,Counting2,1,1,1,1,1,5,1,11111
qw5t_Counting3,qw5t,Counting3,1,1,1,1,1,5,1,11111
qw5t_Math,qw5t,Math,1,1,1,1,1,5,1,11111
qw5t_Reading,qw5t,Reading,1,1,1,1,1,5,1,11111
qw5t_Relax,qw5t,Relax,1,1,1,1,0,4,1,11110
qw5t_Speaking,qw5t,Speaking,1,1,1,1,1,5,1,11111
qw5t_Stroop,qw5t,Stroop,1,1,1,1,1,5,1,11111
qw5t_Video1,qw5t,Video1,1,1,1,1,0,4,1,11110
qw5t_Video2,qw5t,Video2,1,1,1,1,0,4,1,11110
qx2o_Baseline,qx2o,Baseline,1,1,1,0,0,3,0,11100
qx2o_Breathing,qx2o,Breathing,1,1,1,0,0,3,1,11100
qx2o_Counting1,qx2o,Counting1,1,1,1,0,0,3,1,11100
qx2o_Counting2,qx2o,Counting2,1,1,1,0,0,3,1,11100
qx2o_Counting3,qx2o,Counting3,1,1,1,0,0,3,1,11100
qx2o_Math,qx2o,Math,1,1,1,0,0,3,1,11100
qx2o_Reading,qx2o,Reading,1,1,1,0,0,3,1,11100
qx2o_Relax,qx2o,Relax,1,1,1,0,0,3,1,11100
qx2o_Speaking,qx2o,Speaking,1,1,1,0,0,3,1,11100
qx2o_Stroop,qx2o,Stroop,1,1,1,0,0,3,1,11100
qx2o_Video1,qx2o,Video1,1,1,1,0,0,3,1,11100
qx2o_Video2,qx2o,Video2,1,1,1,0,0,3,1,11100
r0a3_Baseline,r0a3,Baseline,1,1,1,0,0,3,0,11100
r0a3_Breathing,r0a3,Breathing,1,1,1,0,0,3,1,11100
r0a3_Counting1,r0a3,Counting1,1,1,1,0,0,3,1,11100
r0a3_Counting2,r0a3,Counting2,1,1,1,0,0,3,1,11100
r0a3_Counting3,r0a3,Counting3,1,1,1,0,0,3,1,11100
r0a3_Math,r0a3,Math,1,1,1,0,0,3,1,11100
r0a3_Reading,r0a3,Reading,1,1,1,0,0,3,1,11100
r0a3_Relax,r0a3,Relax,1,1,1,0,0,3,1,11100
r0a3_Speaking,r0a3,Speaking,1,1,1,0,0,3,1,11100
r0a3_Stroop,r0a3,Stroop,1,1,1,0,0,3,1,11100
r0a3_Video1,r0a3,Video1,1,1,1,0,0,3,1,11100
r0a3_Video2,r0a3,Video2,1,1,1,0,0,3,1,11100
r3zm_Baseline,r3zm,Baseline,1,1,1,0,0,3,0,11100
r3zm_Breathing,r3zm,Breathing,1,1,1,1,0,4,1,11110
r3zm_Counting1,r3zm,Counting1,1,1,1,1,1,5,1,11111
r3zm_Counting2,r3zm,Counting2,1,1,1,1,1,5,1,11111
r3zm_Counting3,r3zm,Counting3,1,1,1,1,1,5,1,11111
r3zm_Math,r3zm,Math,1,1,1,1,1,5,1,11111
r3zm_Reading,r3zm,Reading,1,1,1,1,1,5,1,11111
r3zm_Relax,r3zm,Relax,1,1,1,1,0,4,1,11110
r3zm_Speaking,r3zm,Speaking,1,1,1,1,1,5,1,11111
r3zm_Stroop,r3zm,Stroop,1,1,1,1,1,5,1,11111
r3zm_Video1,r3zm,Video1,1,1,1,1,0,4,1,11110
r3zm_Video2,r3zm,Video2,1,1,1,1,0,4,1,11110
r5s8_Baseline,r5s8,Baseline,1,1,1,0,0,3,0,11100
r5s8_Breathing,r5s8,Breathing,1,1,1,1,0,4,1,11110
r5s8_Counting1,r5s8,Counting1,1,1,1,1,1,5,1,11111
r5s8_Counting2,r5s8,Counting2,1,1,1,1,1,5,1,11111
r5s8_Counting3,r5s8,Counting3,1,0,1,1,1,4,1,10111
r5s8_Math,r5s8,Math,1,1,1,1,1,5,1,11111
r5s8_Reading,r5s8,Reading,1,1,1,1,1,5,1,11111
r5s8_Relax,r5s8,Relax,1,1,1,1,0,4,1,11110
r5s8_Speaking,r5s8,Speaking,1,1,1,1,1,5,1,11111
r5s8_Stroop,r5s8,Stroop,1,1,1,1,1,5,1,11111
r5s8_Video1,r5s8,Video1,1,1,1,1,0,4,1,11110
r5s8_Video2,r5s8,Video2,1,1,1,1,0,4,1,11110
t6v9_Baseline,t6v9,Baseline,1,1,1,0,0,3,0,11100
t6v9_Breathing,t6v9,Breathing,1,1,1,1,0,4,1,11110
t6v9_Counting1,t6v9,Counting1,1,1,1,1,1,5,1,11111
t6v9_Counting2,t6v9,Counting2,1,1,1,1,1,5,1,11111
t6v9_Counting3,t6v9,Counting3,1,1,1,1,1,5,1,11111
t6v9_Math,t6v9,Math,1,1,1,1,1,5,1,11111
t6v9_Reading,t6v9,Reading,1,1,1,1,1,5,1,11111
t6v9_Relax,t6v9,Relax,1,1,1,1,0,4,1,11110
t6v9_Speaking,t6v9,Speaking,1,1,1,1,1,5,1,11111
t6v9_Stroop,t6v9,Stroop,1,1,1,1,1,5,1,11111
t6v9_Video1,t6v9,Video1,1,1,1,1,0,4,1,11110
t6v9_Video2,t6v9,Video2,1,1,1,1,0,4,1,11110
tmvd_Baseline,tmvd,Baseline,1,1,1,0,0,3,0,11100
tmvd_Breathing,tmvd,Breathing,1,1,1,1,0,4,1,11110
tmvd_Counting1,tmvd,Counting1,1,1,1,1,1,5,1,11111
tmvd_Counting2,tmvd,Counting2,1,1,1,1,1,5,1,11111
tmvd_Counting3,tmvd,Counting3,1,1,1,1,1,5,1,11111
tmvd_Math,tmvd,Math,1,1,1,1,1,5,1,11111
tmvd_Reading,tmvd,Reading,1,1,1,1,1,5,1,11111
tmvd_Relax,tmvd,Relax,1,1,1,1,0,4,1,11110
tmvd_Speaking,tmvd,Speaking,1,1,1,1,1,5,1,11111
tmvd_Stroop,tmvd,Stroop,1,1,1,1,1,5,1,11111
tmvd_Video1,tmvd,Video1,1,1,1,1,0,4,1,11110
tmvd_Video2,tmvd,Video2,1,1,1,1,0,4,1,11110
u3v9_Baseline,u3v9,Baseline,1,1,1,0,0,3,0,11100
u3v9_Breathing,u3v9,Breathing,1,1,1,1,0,4,1,11110
u3v9_Counting1,u3v9,Counting1,1,1,1,1,1,5,1,11111
u3v9_Counting2,u3v9,Counting2,1,1,1,1,1,5,1,11111
u3v9_Counting3,u3v9,Counting3,1,1,1,1,1,5,1,11111
u3v9_Math,u3v9,Math,1,1,1,1,1,5,1,11111
u3v9_Reading,u3v9,Reading,1,1,1,1,1,5,1,11111
u3v9_Relax,u3v9,Relax,1,1,1,1,0,4,1,11110
u3v9_Speaking,u3v9,Speaking,1,1,1,1,1,5,1,11111
u3v9_Stroop,u3v9,Stroop,1,1,1,1,1,5,1,11111
u3v9_Video1,u3v9,Video1,1,1,1,1,0,4,1,11110
u3v9_Video2,u3v9,Video2,1,1,1,1,0,4,1,11110
uymz_Baseline,uymz,Baseline,1,1,1,0,0,3,0,11100
uymz_Breathing,uymz,Breathing,1,1,1,1,0,4,1,11110
uymz_Counting1,uymz,Counting1,1,1,1,1,1,5,1,11111
uymz_Counting2,uymz,Counting2,1,1,1,1,1,5,1,11111
uymz_Counting3,uymz,Counting3,1,1,1,1,1,5,1,11111
uymz_Math,uymz,Math,1,1,1,1,1,5,1,11111
uymz_Reading,uymz,Reading,1,1,1,1,1,5,1,11111
uymz_Relax,uymz,Relax,1,1,1,1,0,4,1,11110
uymz_Speaking,uymz,Speaking,1,1,1,1,1,5,1,11111
uymz_Stroop,uymz,Stroop,1,1,1,1,1,5,1,11111
uymz_Video1,uymz,Video1,1,1,1,1,0,4,1,11110
uymz_Video2,uymz,Video2,1,1,1,1,0,4,1,11110
uyrl_Baseline,uyrl,Baseline,1,1,1,0,0,3,0,11100
uyrl_Breathing,uyrl,Breathing,1,1,1,0,0,3,1,11100
uyrl_Counting1,uyrl,Counting1,1,1,1,0,0,3,1,11100
uyrl_Counting2,uyrl,Counting2,1,1,1,0,0,3,1,11100
uyrl_Counting3,uyrl,Counting3,1,1,1,0,0,3,1,11100
uyrl_Math,uyrl,Math,1,1,1,0,0,3,1,11100
uyrl_Reading,uyrl,Reading,1,1,1,0,0,3,1,11100
uyrl_Relax,uyrl,Relax,1,1,1,0,0,3,1,11100
uyrl_Speaking,uyrl,Speaking,1,1,1,0,0,3,1,11100
uyrl_Stroop,uyrl,Stroop,1,1,1,0,0,3,1,11100
uyrl_Video1,uyrl,Video1,1,1,1,0,0,3,1,11100
uyrl_Video2,uyrl,Video2,1,1,1,0,0,3,1,11100
v8mh_Baseline,v8mh,Baseline,1,1,1,0,0,3,0,11100
v8mh_Breathing,v8mh,Breathing,1,1,1,1,0,4,1,11110
v8mh_Counting1,v8mh,Counting1,1,1,1,1,1,5,1,11111
v8mh_Counting2,v8mh,Counting2,1,1,1,1,1,5,1,11111
v8mh_Counting3,v8mh,Counting3,1,1,1,1,1,5,1,11111
v8mh_Math,v8mh,Math,1,1,1,1,1,5,1,11111
v8mh_Reading,v8mh,Reading,1,1,1,1,1,5,1,11111
v8mh_Relax,v8mh,Relax,1,1,1,1,0,4,1,11110
v8mh_Speaking,v8mh,Speaking,1,1,1,1,1,5,1,11111
v8mh_Stroop,v8mh,Stroop,1,1,1,1,1,5,1,11111
v8mh_Video1,v8mh,Video1,1,1,1,1,0,4,1,11110
v8mh_Video2,v8mh,Video2,1,1,1,1,0,4,1,11110
w2t5_Baseline,w2t5,Baseline,1,1,1,0,0,3,0,11100
w2t5_Breathing,w2t5,Breathing,1,1,1,1,0,4,1,11110
w2t5_Counting1,w2t5,Counting1,1,1,1,1,1,5,1,11111
w2t5_Counting2,w2t5,Counting2,1,1,1,1,1,5,1,11111
w2t5_Counting3,w2t5,Counting3,1,1,1,1,1,5,1,11111
w2t5_Math,w2t5,Math,1,1,1,1,1,5,1,11111
w2t5_Reading,w2t5,Reading,1,1,1,1,1,5,1,11111
w2t5_Relax,w2t5,Relax,1,1,1,1,0,4,1,11110
w2t5_Speaking,w2t5,Speaking,1,1,1,1,1,5,1,11111
w2t5_Stroop,w2t5,Stroop,1,1,1,1,1,5,1,11111
w2t5_Video1,w2t5,Video1,1,1,1,1,0,4,1,11110
w2t5_Video2,w2t5,Video2,1,1,1,1,0,4,1,11110
wfsl_Baseline,wfsl,Baseline,1,1,1,0,0,3,0,11100
wfsl_Breathing,wfsl,Breathing,1,1,1,0,0,3,1,11100
wfsl_Counting1,wfsl,Counting1,1,1,1,0,0,3,1,11100
wfsl_Counting2,wfsl,Counting2,1,1,1,0,0,3,1,11100
wfsl_Counting3,wfsl,Counting3,1,1,1,0,0,3,1,11100
wfsl_Math,wfsl,Math,1,1,1,0,0,3,1,11100
wfsl_Reading,wfsl,Reading,1,1,1,0,0,3,1,11100
wfsl_Speaking,wfsl,Speaking,1,1,1,0,0,3,1,11100
wfsl_Stroop,wfsl,Stroop,1,1,1,0,0,3,1,11100
wfsl_Video1,wfsl,Video1,1,1,1,0,0,3,1,11100
wfsl_Video2,wfsl,Video2,1,1,1,0,0,3,1,11100
wssm_Baseline,wssm,Baseline,1,1,1,0,0,3,0,11100
wssm_Breathing,wssm,Breathing,1,1,1,1,0,4,1,11110
wssm_Counting1,wssm,Counting1,1,1,1,1,1,5,1,11111
wssm_Counting2,wssm,Counting2,1,1,1,1,1,5,1,11111
wssm_Counting3,wssm,Counting3,1,1,1,1,1,5,1,11111
wssm_Math,wssm,Math,1,1,1,1,1,5,1,11111
wssm_Reading,wssm,Reading,1,1,1,1,1,5,1,11111
wssm_Relax,wssm,Relax,1,1,1,1,0,4,1,11110
wssm_Speaking,wssm,Speaking,1,1,1,1,1,5,1,11111
wssm_Stroop,wssm,Stroop,1,1,1,1,1,5,1,11111
wssm_Video1,wssm,Video1,1,1,1,1,0,4,1,11110
wssm_Video2,wssm,Video2,1,1,1,1,0,4,1,11110
x1q3_Baseline,x1q3,Baseline,1,1,1,0,0,3,0,11100
x1q3_Breathing,x1q3,Breathing,1,1,1,1,0,4,1,11110
x1q3_Counting1,x1q3,Counting1,1,1,1,1,1,5,1,11111
x1q3_Counting2,x1q3,Counting2,1,1,1,1,1,5,1,11111
x1q3_Counting3,x1q3,Counting3,1,1,1,1,1,5,1,11111
x1q3_Math,x1q3,Math,1,1,1,1,1,5,1,11111
x1q3_Reading,x1q3,Reading,1,1,1,1,1,5,1,11111
x1q3_Relax,x1q3,Relax,1,1,1,1,0,4,1,11110
x1q3_Speaking,x1q3,Speaking,1,1,1,1,1,5,1,11111
x1q3_Stroop,x1q3,Stroop,1,1,1,1,1,5,1,11111
x1q3_Video1,x1q3,Video1,1,1,1,1,0,4,1,11110
x1q3_Video2,x1q3,Video2,1,1,1,1,0,4,1,11110
y8c3_Baseline,y8c3,Baseline,1,1,1,0,0,3,0,11100
y8c3_Breathing,y8c3,Breathing,1,1,1,1,0,4,1,11110
y8c3_Counting1,y8c3,Counting1,1,1,1,1,1,5,1,11111
y8c3_Counting2,y8c3,Counting2,1,1,1,1,1,5,1,11111
y8c3_Counting3,y8c3,Counting3,1,1,1,1,1,5,1,11111
y8c3_Math,y8c3,Math,1,1,1,1,1,5,1,11111
y8c3_Reading,y8c3,Reading,1,1,1,1,1,5,1,11111
y8c3_Relax,y8c3,Relax,1,1,1,1,0,4,1,11110
y8c3_Speaking,y8c3,Speaking,1,1,1,1,1,5,1,11111
y8c3_Stroop,y8c3,Stroop,1,1,1,1,1,5,1,11111
y8c3_Video1,y8c3,Video1,1,1,1,1,0,4,1,11110
y8c3_Video2,y8c3,Video2,1,1,1,1,0,4,1,11110
y9z6_Baseline,y9z6,Baseline,1,1,1,0,0,3,0,11100
y9z6_Breathing,y9z6,Breathing,1,1,1,1,0,4,1,11110
y9z6_Counting1,y9z6,Counting1,1,1,1,1,1,5,1,11111
y9z6_Counting2,y9z6,Counting2,1,1,1,1,1,5,1,11111
y9z6_Counting3,y9z6,Counting3,1,1,1,1,1,5,1,11111
y9z6_Math,y9z6,Math,1,1,1,1,1,5,1,11111
y9z6_Reading,y9z6,Reading,1,1,1,1,1,5,1,11111
y9z6_Relax,y9z6,Relax,1,1,1,1,0,4,1,11110
y9z6_Speaking,y9z6,Speaking,1,1,1,1,1,5,1,11111
y9z6_Stroop,y9z6,Stroop,1,1,1,1,1,5,1,11111
y9z6_Video1,y9z6,Video1,1,1,1,1,0,4,1,11110
y9z6_Video2,y9z6,Video2,1,1,1,1,0,4,1,11110
