split,mode,classifier,f1-score,accuracy,time,modality
0,random,RandomForestClassifier,0.763090175872593,0.765360277607675,0.4439768329029903,ecg
0,random,KNeighborsClassifier,0.6563016619446796,0.6578893651765667,0.2374329169979319,ecg
0,random,SVC,0.726901098901099,0.7297407634211064,0.23175808310043067,ecg
0,random,MLPClassifier,0.7186329649970224,0.722902633190447,0.2877020000014454,ecg
1,random,RandomForestClassifier,0.6956709956709957,0.7055816806379063,0.39505279099103063,ecg
1,random,KNeighborsClassifier,0.6564425770308123,0.6595788182375792,0.23865370906423777,ecg
1,random,SVC,0.6966694078947367,0.7049683091392354,0.4364599169930443,ecg
1,random,MLPClassifier,0.6811791383219955,0.691269679002249,0.2914667499717325,ecg
2,random,RandomForestClassifier,0.7437630774183165,0.7342845326716294,0.32324416702613235,ecg
2,random,KNeighborsClassifier,0.6489630438172462,0.6428866832092639,0.17813541693612933,ecg
2,random,SVC,0.7129861009284054,0.7036807278742763,0.36734604102093726,ecg
2,random,MLPClassifier,0.7277047624192565,0.7181555004135649,0.2513656249502674,ecg
3,random,RandomForestClassifier,0.7528535383876006,0.7487179487179487,0.33811750006861985,ecg
3,random,KNeighborsClassifier,0.6410847217298831,0.637948717948718,0.20426479203160852,ecg
3,random,SVC,0.7315707469081703,0.7276923076923076,0.21342216595076025,ecg
3,random,MLPClassifier,0.6756302521008404,0.6738461538461538,0.3381432919995859,ecg
4,random,RandomForestClassifier,0.7475790999948216,0.746166428133306,0.35207658307626843,ecg
4,random,KNeighborsClassifier,0.6715627095908786,0.6720507053772234,0.2009340840158984,ecg
4,random,SVC,0.7178521307166248,0.7169290533633204,0.22363087499979883,ecg
4,random,MLPClassifier,0.6944758317639673,0.6945409936618279,0.3034884579246864,ecg
5,random,RandomForestClassifier,0.7701092558235416,0.7685544878347986,0.3686287079472095,ecg
5,random,KNeighborsClassifier,0.7067377573499813,0.7056839092210182,0.20427062502130866,ecg
5,random,SVC,0.7423296703296703,0.741157227560826,0.19954541698098183,ecg
5,random,MLPClassifier,0.728014652014652,0.7268452259251686,0.2615577500546351,ecg
6,random,RandomForestClassifier,0.6418359010270774,0.6482051282051282,0.47740241698920727,ecg
6,random,KNeighborsClassifier,0.5920466394918948,0.5974358974358974,0.2287091250764206,ecg
6,random,SVC,0.6343185550082101,0.6415384615384616,0.18810374999884516,ecg
6,random,MLPClassifier,0.6498035614061942,0.6538461538461539,0.3002620830666274,ecg
7,random,RandomForestClassifier,0.7428571428571429,0.7526881720430108,0.34887191699817777,ecg
7,random,KNeighborsClassifier,0.6005715452133088,0.6062861869313483,0.20999908400699496,ecg
7,random,SVC,0.7004286589099816,0.707609594706369,0.20275391591712832,ecg
7,random,MLPClassifier,0.7289592628233167,0.7365591397849462,0.2756447501014918,ecg
8,random,RandomForestClassifier,0.7424897209343014,0.7495888157894737,0.27981841599103063,ecg
8,random,KNeighborsClassifier,0.7207887003507442,0.7286184210526316,0.13841929205227643,ecg
8,random,SVC,0.7420168067226891,0.7508223684210527,0.13905662496108562,ecg
8,random,MLPClassifier,0.6852652144752573,0.6920230263157895,0.26206137507688254,ecg
9,random,RandomForestClassifier,0.7467807747337184,0.7373936501348828,0.34281399997416884,ecg
9,random,KNeighborsClassifier,0.6639541704721807,0.6577090682714256,0.22711079195141792,ecg
9,random,SVC,0.754473533230667,0.7455903714463581,0.17871100001502782,ecg
9,random,MLPClassifier,0.7432825239276852,0.740402573147956,0.28037916601169854,ecg
0,groupshuffle,RandomForestClassifier,0.6783771284422956,0.6888341543513957,0.31215879204683006,ecg
0,groupshuffle,KNeighborsClassifier,0.6213792582774791,0.6358784893267653,0.1701972089940682,ecg
0,groupshuffle,SVC,0.6685708657539643,0.6935550082101807,0.17770325008314103,ecg
0,groupshuffle,MLPClassifier,0.6432197960319711,0.6537356321839081,0.263787959003821,ecg
1,groupshuffle,RandomForestClassifier,0.5848624324563734,0.5786290322580645,0.36301466601435095,ecg
1,groupshuffle,KNeighborsClassifier,0.5151811616981088,0.5088709677419355,0.20398516696877778,ecg
1,groupshuffle,SVC,0.6038703767319363,0.5955645161290323,0.21128383302129805,ecg
1,groupshuffle,MLPClassifier,0.584108397290779,0.5768145161290322,0.2522940000053495,ecg
2,groupshuffle,RandomForestClassifier,0.6409130437907415,0.6814449917898193,0.3407631249865517,ecg
2,groupshuffle,KNeighborsClassifier,0.5685852608929532,0.6297208538587848,0.18597270804457366,ecg
2,groupshuffle,SVC,0.611201760567361,0.6552750410509032,0.2391608749749139,ecg
2,groupshuffle,MLPClassifier,0.6204932054247123,0.6578407224958949,0.2921845419332385,ecg
3,groupshuffle,RandomForestClassifier,0.7062937062937062,0.7020833333333334,0.32692154101096094,ecg
3,groupshuffle,KNeighborsClassifier,0.637770772324548,0.628968253968254,0.21093541604932398,ecg
3,groupshuffle,SVC,0.7404844145828733,0.7350198412698412,0.2361414999468252,ecg
3,groupshuffle,MLPClassifier,0.7342657342657343,0.7304563492063492,0.25446304108481854,ecg
4,groupshuffle,RandomForestClassifier,0.567766598726351,0.5900793650793651,0.3163847499527037,ecg
4,groupshuffle,KNeighborsClassifier,0.5153308230231307,0.5429563492063492,0.18336270796135068,ecg
4,groupshuffle,SVC,0.5692414036784899,0.5883928571428572,0.1979726660065353,ecg
4,groupshuffle,MLPClassifier,0.5846233323821135,0.6008928571428571,0.26591700001154095,ecg
5,groupshuffle,RandomForestClassifier,0.6685856516364991,0.6771322378716744,0.35677041695453227,ecg
5,groupshuffle,KNeighborsClassifier,0.6095365504061157,0.6145344287949922,0.2014836249873042,ecg
5,groupshuffle,SVC,0.673981573981574,0.6775234741784038,0.2857866670237854,ecg
5,groupshuffle,MLPClassifier,0.673981573981574,0.6775234741784038,0.27320633397903293,ecg
6,groupshuffle,RandomForestClassifier,0.6386783242886267,0.6761058288548987,0.27904050005599856,ecg
6,groupshuffle,KNeighborsClassifier,0.5143301272709608,0.5378255477470029,0.18077350000385195,ecg
6,groupshuffle,SVC,0.6571742074853842,0.6835469202149649,0.20718566700816154,ecg
6,groupshuffle,MLPClassifier,0.6258413926499033,0.6591566763125258,0.24911754194181412,ecg
7,groupshuffle,RandomForestClassifier,0.6262955182072829,0.6565208201225956,0.3290044160094112,ecg
7,groupshuffle,KNeighborsClassifier,0.548967032967033,0.5907841893891355,0.19982375006657094,ecg
7,groupshuffle,SVC,0.6508131868131868,0.6943563728598605,0.21506762492936105,ecg
7,groupshuffle,MLPClassifier,0.6071648351648352,0.6499682942295497,0.26557212497573346,ecg
8,groupshuffle,RandomForestClassifier,0.7446553446553448,0.7464788732394366,0.3229938340373337,ecg
8,groupshuffle,KNeighborsClassifier,0.6049284578696345,0.6056338028169015,0.19446425000205636,ecg
8,groupshuffle,SVC,0.7532151546750088,0.7535211267605634,0.2960455829743296,ecg
8,groupshuffle,MLPClassifier,0.7095245222771043,0.7112676056338028,0.24042754108086228,ecg
9,groupshuffle,RandomForestClassifier,0.6967956466986575,0.6870532979375128,0.3244967079954222,ecg
9,groupshuffle,KNeighborsClassifier,0.5577551910866915,0.5469675311415152,0.19896591699216515,ecg
9,groupshuffle,SVC,0.7103045624172385,0.692873187665918,0.20277675008401275,ecg
9,groupshuffle,MLPClassifier,0.6751919563357154,0.6640800490095977,0.22317283309530467,ecg
0,random,RandomForestClassifier,0.6714973701147384,0.6877559377559377,0.19129083398729563,eda
0,random,KNeighborsClassifier,0.6430758463826437,0.6441441441441441,0.025955207995139062,eda
0,random,SVC,0.6700178169816281,0.676085176085176,0.04564820905216038,eda
0,random,MLPClassifier,0.6673754699248119,0.6785421785421786,0.10641499992925674,eda
1,random,RandomForestClassifier,0.604553646521687,0.6098856209150326,0.12143045908305794,eda
1,random,KNeighborsClassifier,0.6205557954520504,0.6200980392156863,0.023971958085894585,eda
1,random,SVC,0.6434782608695652,0.6462418300653594,0.037945125019177794,eda
1,random,MLPClassifier,0.5625633466077021,0.5625,0.1021049169357866,eda
2,random,RandomForestClassifier,0.720931955516797,0.7043496985357451,0.13772237510420382,eda
2,random,KNeighborsClassifier,0.623184300107377,0.6057278208440999,0.025046583032235503,eda
2,random,SVC,0.7294423223834988,0.7170542635658914,0.03596916701644659,eda
2,random,MLPClassifier,0.6752099961139509,0.6705426356589147,0.13425920892041177,eda
3,random,RandomForestClassifier,0.6300029214139643,0.6271794871794871,0.12760024995077401,eda
3,random,KNeighborsClassifier,0.5714285714285714,0.5692307692307692,0.03293979098089039,eda
3,random,SVC,0.6267281105990784,0.6235897435897436,0.026639124960638583,eda
3,random,MLPClassifier,0.6349831271091113,0.6323076923076923,0.11770962504670024,eda
4,random,RandomForestClassifier,0.6142006802721088,0.6258420085731782,0.13690620800480247,eda
4,random,KNeighborsClassifier,0.6493734335839599,0.6494182486221678,0.025954124983400106,eda
4,random,SVC,0.6427109974424552,0.6479893855888956,0.03250883403234184,eda
4,random,MLPClassifier,0.6230219666202235,0.6268626250255154,0.11983833299018443,eda
5,random,RandomForestClassifier,0.6418838957300496,0.6356421356421357,0.14344270795118064,eda
5,random,KNeighborsClassifier,0.5795402298850575,0.5808080808080808,0.028487666975706816,eda
5,random,SVC,0.6633990989591425,0.6587301587301587,0.03578095801640302,eda
5,random,MLPClassifier,0.669375,0.6637806637806638,0.1290114999283105,eda
6,random,RandomForestClassifier,0.6834467120181406,0.6834150326797386,0.14064808399416506,eda
6,random,KNeighborsClassifier,0.6062397372742201,0.6086601307189543,0.0324284159578383,eda
6,random,SVC,0.712875939849624,0.7124183006535948,0.05435095902066678,eda
6,random,MLPClassifier,0.6708903708903708,0.670343137254902,0.1166787080001086,eda
7,random,RandomForestClassifier,0.7064701721636029,0.7142269736842105,0.14316341700032353,eda
7,random,KNeighborsClassifier,0.6506257982120052,0.6517269736842105,0.038172416971065104,eda
7,random,SVC,0.7431195870877438,0.7471217105263157,0.04463095800019801,eda
7,random,MLPClassifier,0.6921516439764616,0.6998355263157895,0.1052317499415949,eda
8,random,RandomForestClassifier,0.6778571428571428,0.690359477124183,0.13351929106283933,eda
8,random,KNeighborsClassifier,0.634279576492251,0.6376633986928104,0.028062457917258143,eda
8,random,SVC,0.6646785047283077,0.6756535947712419,0.03333070804364979,eda
8,random,MLPClassifier,0.6526901669758812,0.6605392156862745,0.07912975002545863,eda
9,random,RandomForestClassifier,0.6960297766749379,0.7,0.15448841697070748,eda
9,random,KNeighborsClassifier,0.6499821419460177,0.65,0.02830970799550414,eda
9,random,SVC,0.705323681913856,0.7071428571428571,0.027862166985869408,eda
9,random,MLPClassifier,0.7202725549464624,0.7214285714285714,0.10090225003659725,eda
0,groupshuffle,RandomForestClassifier,0.6967624113603671,0.6853448275862069,0.18168637505732477,eda
0,groupshuffle,KNeighborsClassifier,0.5597180153068989,0.5636288998357963,0.023545415955595672,eda
0,groupshuffle,SVC,0.6220272454398521,0.6145320197044335,0.05347116710618138,eda
0,groupshuffle,MLPClassifier,0.6561422007983732,0.6469622331691297,0.21171512501314282,eda
1,groupshuffle,RandomForestClassifier,0.5871898054996646,0.5776209677419355,0.12578387500252575,eda
1,groupshuffle,KNeighborsClassifier,0.6245745417245003,0.6161290322580645,0.031233167042955756,eda
1,groupshuffle,SVC,0.5901674694314929,0.5802419354838709,0.04166212503332645,eda
1,groupshuffle,MLPClassifier,0.5427840520937804,0.5328629032258064,0.12528649996966124,eda
2,groupshuffle,RandomForestClassifier,0.6028152236827756,0.6447230929989551,0.13784633297473192,eda
2,groupshuffle,KNeighborsClassifier,0.5097825387904157,0.5274817136886103,0.02898133301641792,eda
2,groupshuffle,SVC,0.6208501006036217,0.6495297805642634,0.026841374929063022,eda
2,groupshuffle,MLPClassifier,0.5625295867221454,0.6159874608150471,0.1566029170062393,eda
3,groupshuffle,RandomForestClassifier,0.7398331695852358,0.7333333333333334,0.13768304092809558,eda
3,groupshuffle,KNeighborsClassifier,0.6231535587699971,0.6287698412698413,0.019477874971926212,eda
3,groupshuffle,SVC,0.6862445606597293,0.6850198412698413,0.03358575003221631,eda
3,groupshuffle,MLPClassifier,0.6862445606597293,0.6850198412698413,0.10824808292090893,eda
4,groupshuffle,RandomForestClassifier,0.5576819310172594,0.5985119047619047,0.13281358394306153,eda
4,groupshuffle,KNeighborsClassifier,0.630313845113434,0.6350198412698413,0.027026041061617434,eda
4,groupshuffle,SVC,0.5866057019903174,0.6138888888888889,0.02713029191363603,eda
4,groupshuffle,MLPClassifier,0.528301072366129,0.5441468253968254,0.109170125098899,eda
5,groupshuffle,RandomForestClassifier,0.608934878508915,0.6210876369327074,0.13455591595266014,eda
5,groupshuffle,KNeighborsClassifier,0.5454545454545454,0.545481220657277,0.02739962504711002,eda
5,groupshuffle,SVC,0.6043252633442507,0.60768779342723,0.035746959038078785,eda
5,groupshuffle,MLPClassifier,0.6003035963300863,0.6010367762128326,0.11239762499462813,eda
6,groupshuffle,RandomForestClassifier,0.6287798788363536,0.6723852831748657,0.13508425001055002,eda
6,groupshuffle,KNeighborsClassifier,0.554900900225458,0.5635593220338984,0.027311166981235147,eda
6,groupshuffle,SVC,0.6142222270260144,0.6578131459280695,0.0288425829494372,eda
6,groupshuffle,MLPClassifier,0.6178426823361195,0.6530591153369161,0.126621084054932,eda
7,groupshuffle,RandomForestClassifier,0.5417582417582417,0.5990276897061932,0.1516920829890296,eda
7,groupshuffle,KNeighborsClassifier,0.5428571428571428,0.5622489959839357,0.02788562490604818,eda
7,groupshuffle,SVC,0.5944307944307944,0.632424434580427,0.03161454200744629,eda
7,groupshuffle,MLPClassifier,0.5427378451764948,0.582012259564574,0.1370025830110535,eda
8,groupshuffle,RandomForestClassifier,0.6695001011940903,0.676056338028169,0.12825466692447662,eda
8,groupshuffle,KNeighborsClassifier,0.6403992253835841,0.6408450704225352,0.02497387502808124,eda
8,groupshuffle,SVC,0.6586538461538461,0.6619718309859155,0.03483237500768155,eda
8,groupshuffle,MLPClassifier,0.6070440251572328,0.6126760563380282,0.11380216607358307,eda
9,groupshuffle,RandomForestClassifier,0.6893140451906843,0.6785787216663264,0.1345394579693675,eda
9,groupshuffle,KNeighborsClassifier,0.6501512591724752,0.6473351031243618,0.030634624999947846,eda
9,groupshuffle,SVC,0.7062990926327194,0.7077802736369205,0.04055912501644343,eda
9,groupshuffle,MLPClassifier,0.7329926714760105,0.7269756994078007,0.10229883308056742,eda
0,random,RandomForestClassifier,0.7611834101382489,0.7659726474790773,0.4274463749025017,resp
0,random,KNeighborsClassifier,0.6694065934065935,0.6725862420902224,0.2528047920204699,resp
0,random,SVC,0.7763492798694281,0.7800571545213308,0.28267787501681596,resp
0,random,MLPClassifier,0.7625552793117863,0.7655644008981425,0.3628517499892041,resp
1,random,RandomForestClassifier,0.6574883301153303,0.6707217337967696,0.3717161249369383,resp
1,random,KNeighborsClassifier,0.521974006994102,0.5431404620731957,0.2109460000647232,resp
1,random,SVC,0.6429133654393868,0.6564097321611122,0.3300313340732828,resp
1,random,MLPClassifier,0.6413586984770518,0.6570231036597833,0.31522420898545533,resp
2,random,RandomForestClassifier,0.6900455432661027,0.6811414392059554,0.3838987910421565,resp
2,random,KNeighborsClassifier,0.5869890109890109,0.5851943755169562,0.2517844170797616,resp
2,random,SVC,0.7224751718869366,0.7133995037220844,0.2636915419716388,resp
2,random,MLPClassifier,0.7170442932087785,0.7086435070306039,0.27470912504941225,resp
3,random,RandomForestClassifier,0.6608861726508785,0.6594871794871795,0.4612274169921875,resp
3,random,KNeighborsClassifier,0.6,0.597948717948718,0.22625183302443475,resp
3,random,SVC,0.6772959183673469,0.6748717948717948,0.3674990830477327,resp
3,random,MLPClassifier,0.6668908618061161,0.6635897435897435,0.3188749159453437,resp
4,random,RandomForestClassifier,0.714455110107284,0.7150889388673073,0.4275412500137463,resp
4,random,KNeighborsClassifier,0.6254992319508448,0.6248210999795543,0.23211745906155556,resp
4,random,SVC,0.7302958118909039,0.7300143120016356,0.2460807920433581,resp
4,random,MLPClassifier,0.7181207028265851,0.7207115109384583,0.3599796670023352,resp
5,random,RandomForestClassifier,0.748258064516129,0.7467797996319772,0.4234085000352934,resp
5,random,KNeighborsClassifier,0.6073233336007059,0.60734001226743,0.31888112507294863,resp
5,random,SVC,0.7255298965404796,0.7243917399304846,0.46822179201990366,resp
5,random,MLPClassifier,0.7338728110599078,0.7324677979963198,0.5168154159327969,resp
6,random,RandomForestClassifier,0.6567229463738955,0.6615384615384615,0.5296597080305219,resp
6,random,KNeighborsClassifier,0.5505747126436782,0.5502564102564103,0.5774446250870824,resp
6,random,SVC,0.6493032514930325,0.6548717948717948,0.46121591702103615,resp
6,random,MLPClassifier,0.6561624649859944,0.6625641025641026,0.6194640829926357,resp
7,random,RandomForestClassifier,0.7285714285714285,0.7382133995037221,0.6189879999728873,resp
7,random,KNeighborsClassifier,0.657632753039979,0.6641852770885028,0.36485304101370275,resp
7,random,SVC,0.7359165555093918,0.7446236559139785,0.4043186670169234,resp
7,random,MLPClassifier,0.7216417747261157,0.7301488833746899,0.46159700001589954,resp
8,random,RandomForestClassifier,0.7138774677047793,0.7208059210526316,0.5495060839457437,resp
8,random,KNeighborsClassifier,0.6219503124612614,0.6241776315789473,0.36853195796720684,resp
8,random,SVC,0.7138774677047793,0.7208059210526316,0.36048091703560203,resp
8,random,MLPClassifier,0.6860350508850204,0.6895559210526316,0.47493320901412517,resp
9,random,RandomForestClassifier,0.7696984260483,0.7619838140693089,0.47897524992004037,resp
9,random,KNeighborsClassifier,0.6656078972942561,0.6689147125959742,0.3641119999811053,resp
9,random,SVC,0.7553045776763186,0.747457978833783,0.29354045900981873,resp
9,random,MLPClassifier,0.7757201147641506,0.7664453206059348,1.2446756669087335,resp
0,groupshuffle,RandomForestClassifier,0.7241155362543213,0.7118226600985222,2.039916916983202,resp
0,groupshuffle,KNeighborsClassifier,0.6354402839803046,0.6264367816091954,0.39787620794959366,resp
0,groupshuffle,SVC,0.7257035225324001,0.7171592775041051,0.4936897500883788,resp
0,groupshuffle,MLPClassifier,0.7439357146010861,0.729679802955665,1.162490916904062,resp
1,groupshuffle,RandomForestClassifier,0.6234176644904486,0.6143145161290322,0.5968149999389425,resp
1,groupshuffle,KNeighborsClassifier,0.5509166889448579,0.5473790322580645,0.4875687079038471,resp
1,groupshuffle,SVC,0.6285120423261965,0.61875,0.5924260000465438,resp
1,groupshuffle,MLPClassifier,0.6506150874891748,0.6411290322580645,0.7106510830344632,resp
2,groupshuffle,RandomForestClassifier,0.6536161139600124,0.6993021346469623,0.6521718750009313,resp
2,groupshuffle,KNeighborsClassifier,0.6100009579461635,0.6336206896551724,0.3110623339889571,resp
2,groupshuffle,SVC,0.6536161139600124,0.6993021346469623,0.41197545803152025,resp
2,groupshuffle,MLPClassifier,0.6174537227478404,0.6642036124794746,0.44793962489347905,resp
3,groupshuffle,RandomForestClassifier,0.7731599029773472,0.7645833333333334,0.557712833979167,resp
3,groupshuffle,KNeighborsClassifier,0.6025764435023239,0.5999007936507936,0.37158695806283504,resp
3,groupshuffle,SVC,0.7722522275765851,0.7628968253968254,0.40801687503699213,resp
3,groupshuffle,MLPClassifier,0.7448048908495155,0.7362103174603174,0.4223377499729395,resp
4,groupshuffle,RandomForestClassifier,0.6024581479126934,0.6263888888888889,0.5313337079714984,resp
4,groupshuffle,KNeighborsClassifier,0.5660519058406382,0.5753968253968254,0.3865148749900982,resp
4,groupshuffle,SVC,0.608792832383081,0.6343253968253968,0.9156924580456689,resp
4,groupshuffle,MLPClassifier,0.6293706293706294,0.6564484126984127,0.4338547079823911,resp
5,groupshuffle,RandomForestClassifier,0.6923423683754262,0.6982589984350548,0.4935180840548128,resp
5,groupshuffle,KNeighborsClassifier,0.6136835300921988,0.6149256651017214,0.3103844589786604,resp
5,groupshuffle,SVC,0.7001283402722828,0.7053012519561815,0.37085062509868294,resp
5,groupshuffle,MLPClassifier,0.7221035735176092,0.7263302034428796,0.39434766699559987,resp
6,groupshuffle,RandomForestClassifier,0.6559697201170684,0.6859239355105415,0.5118563330033794,resp
6,groupshuffle,KNeighborsClassifier,0.558557748312605,0.5791649441918149,0.3296726659173146,resp
6,groupshuffle,SVC,0.6703043151121906,0.7004960727573377,0.31037374993320554,resp
6,groupshuffle,MLPClassifier,0.6242254572601716,0.6615336916081025,0.33153887500520796,resp
7,groupshuffle,RandomForestClassifier,0.6234000234000234,0.6620164870006341,0.4357105839299038,resp
7,groupshuffle,KNeighborsClassifier,0.58825539620878,0.5983935742971888,0.266527249943465,resp
7,groupshuffle,SVC,0.6234000234000234,0.6620164870006341,0.3381822919473052,resp
7,groupshuffle,MLPClassifier,0.616955654442228,0.6532445571760728,0.331208125106059,resp
8,groupshuffle,RandomForestClassifier,0.7060041407867494,0.7112676056338028,0.4853923750342801,resp
8,groupshuffle,KNeighborsClassifier,0.6053206273575541,0.6056338028169015,0.3261483749374747,resp
8,groupshuffle,SVC,0.7289531846493872,0.732394366197183,0.3563096250873059,resp
8,groupshuffle,MLPClassifier,0.6760127769609086,0.6830985915492958,0.41689512494485825,resp
9,groupshuffle,RandomForestClassifier,0.7374813493078745,0.72564835613641,0.5083173339953646,resp
9,groupshuffle,KNeighborsClassifier,0.5733310540811446,0.5688176434551766,0.37981020798906684,resp
9,groupshuffle,SVC,0.7441100088905526,0.7316724525219522,0.38471016695257276,resp
9,groupshuffle,MLPClassifier,0.7374813493078745,0.72564835613641,0.42954316607210785,resp
0,random,RandomForestClassifier,0.6972307692307692,0.7063882063882064,2.1256997080054134,physio_all
0,random,KNeighborsClassifier,0.6126296112393025,0.6187551187551188,1.6134930420666933,physio_all
0,random,SVC,0.6972307692307692,0.7063882063882064,1.749060916947201,physio_all
0,random,MLPClassifier,0.663170954205437,0.6685094185094185,2.1094586660619825,physio_all
1,random,RandomForestClassifier,0.6762146329679621,0.6809640522875817,1.721555083990097,physio_all
1,random,KNeighborsClassifier,0.6546691403834262,0.6548202614379085,1.7077295830240473,physio_all
1,random,SVC,0.6843591191417279,0.6883169934640523,1.8295141250127926,physio_all
1,random,MLPClassifier,0.6514285714285714,0.6535947712418301,2.032643083948642,physio_all
2,random,RandomForestClassifier,0.7752277701832434,0.7543066322136089,2.0147852499503642,physio_all
2,random,KNeighborsClassifier,0.7159863945578232,0.7054263565891472,1.6934900829801336,physio_all
2,random,SVC,0.7474631122812792,0.7276055124892334,1.8203909170115367,physio_all
2,random,MLPClassifier,0.7436822001527883,0.7321274763135228,2.1470546249765903,physio_all
3,random,RandomForestClassifier,0.7025513681955401,0.698974358974359,1.8422748750308529,physio_all
3,random,KNeighborsClassifier,0.6431496431496431,0.642051282051282,1.5347238749964163,physio_all
3,random,SVC,0.6947014297729185,0.6912820512820512,1.7384159170323983,physio_all
3,random,MLPClassifier,0.6833664364272374,0.6799999999999999,1.804606792051345,physio_all
4,random,RandomForestClassifier,0.7077093235285327,0.7121861604409063,1.889856957946904,physio_all
4,random,KNeighborsClassifier,0.6474242190314445,0.6488058787507655,1.7869819169864058,physio_all
4,random,SVC,0.7100168974001718,0.7125944070218412,1.762939790962264,physio_all
4,random,MLPClassifier,0.6625794811995336,0.6632986323739538,2.1834353749873117,physio_all
5,random,RandomForestClassifier,0.7318840579710145,0.7251082251082251,2.0115303329657763,physio_all
5,random,KNeighborsClassifier,0.7138130686517783,0.7099567099567099,1.726938416948542,physio_all
5,random,SVC,0.7404896421845575,0.7344877344877345,2.0556242080638185,physio_all
5,random,MLPClassifier,0.6913405062633192,0.6861471861471862,2.204548457986675,physio_all
6,random,RandomForestClassifier,0.712875939849624,0.7124183006535948,1.69898512493819,physio_all
6,random,KNeighborsClassifier,0.6357700465767203,0.6360294117647058,1.4713757500285283,physio_all
6,random,SVC,0.6978354978354978,0.6977124183006536,1.590804083039984,physio_all
6,random,MLPClassifier,0.5993447993447993,0.5988562091503268,1.9475949590560049,physio_all
7,random,RandomForestClassifier,0.7571428571428571,0.7627467105263157,1.861558375065215,physio_all
7,random,KNeighborsClassifier,0.671966771966772,0.6714638157894737,1.5194108330179006,physio_all
7,random,SVC,0.7575396825396824,0.760279605263158,1.5271992080379277,physio_all
7,random,MLPClassifier,0.6932820036155248,0.6924342105263157,1.776765541988425,physio_all
8,random,RandomForestClassifier,0.7173308755760368,0.7250816993464052,1.9325878750532866,physio_all
8,random,KNeighborsClassifier,0.6554580554580555,0.6593137254901962,1.755070707993582,physio_all
8,random,SVC,0.7250463821892393,0.7320261437908497,2.095974750001915,physio_all
8,random,MLPClassifier,0.691647486062094,0.6948529411764706,3.6317099999869242,physio_all
9,random,RandomForestClassifier,0.7766455663630282,0.7785714285714286,2.780144292046316,physio_all
9,random,KNeighborsClassifier,0.6355469348170077,0.6357142857142857,2.4749663750408217,physio_all
9,random,SVC,0.7915704091585811,0.7928571428571429,1.630287625011988,physio_all
9,random,MLPClassifier,0.7285160236783017,0.7285714285714286,1.7271899579791352,physio_all
0,groupshuffle,RandomForestClassifier,0.7205737943837427,0.72188013136289,1.6093384999549016,physio_all
0,groupshuffle,KNeighborsClassifier,0.6628001622148657,0.6529146141215106,1.3245401250896975,physio_all
0,groupshuffle,SVC,0.7190001351790547,0.7112068965517242,1.3944975420599803,physio_all
0,groupshuffle,MLPClassifier,0.6915263941371808,0.6847290640394088,1.6146882500033826,physio_all
1,groupshuffle,RandomForestClassifier,0.6428000406982659,0.6330645161290323,1.548200707999058,physio_all
1,groupshuffle,KNeighborsClassifier,0.5743585466238312,0.5651209677419354,1.3329677080037072,physio_all
1,groupshuffle,SVC,0.6205988193300985,0.6106854838709678,1.4201917910249904,physio_all
1,groupshuffle,MLPClassifier,0.5483836025666242,0.5401209677419355,1.5019849579548463,physio_all
2,groupshuffle,RandomForestClassifier,0.6422815499964963,0.6959247648902821,1.62701349996496,physio_all
2,groupshuffle,KNeighborsClassifier,0.6027289565205805,0.6155694879832811,1.3540824169758707,physio_all
2,groupshuffle,SVC,0.6438987662061398,0.6925809822361546,1.440953749930486,physio_all
2,groupshuffle,MLPClassifier,0.6160457650201481,0.6337513061650992,1.6479507919866592,physio_all
3,groupshuffle,RandomForestClassifier,0.7672799197984123,0.7600198412698413,1.6380166659364477,physio_all
3,groupshuffle,KNeighborsClassifier,0.6413916661850546,0.6340277777777779,1.3297757089603692,physio_all
3,groupshuffle,SVC,0.7503619200381183,0.7407738095238096,1.4781140419654548,physio_all
3,groupshuffle,MLPClassifier,0.6967586833736887,0.6890873015873016,1.7749783339677379,physio_all
4,groupshuffle,RandomForestClassifier,0.5909761015985946,0.6235119047619048,1.6820527500240132,physio_all
4,groupshuffle,KNeighborsClassifier,0.5594405594405595,0.5674603174603174,1.3733076250646263,physio_all
4,groupshuffle,SVC,0.6071427214961507,0.6360119047619048,1.4712810829514638,physio_all
4,groupshuffle,MLPClassifier,0.5874125874125874,0.5958333333333333,1.7095823750132695,physio_all
5,groupshuffle,RandomForestClassifier,0.7078524747236404,0.7123435054773083,1.7273447919869795,physio_all
5,groupshuffle,KNeighborsClassifier,0.642376901979551,0.6429968701095461,1.3570370828965679,physio_all
5,groupshuffle,SVC,0.6923423683754262,0.6982589984350548,1.365745999966748,physio_all
5,groupshuffle,MLPClassifier,0.6586209489435296,0.6634389671361502,1.5779827500227839,physio_all
6,groupshuffle,RandomForestClassifier,0.6546228239845262,0.6883009508061182,1.6604389999993145,physio_all
6,groupshuffle,KNeighborsClassifier,0.615518038852914,0.6374534931789996,1.348037667106837,physio_all
6,groupshuffle,SVC,0.6714586155068265,0.6981190574617611,1.4964780419832096,physio_all
6,groupshuffle,MLPClassifier,0.6000365753996149,0.62525837122778,1.6083767920499668,physio_all
7,groupshuffle,RandomForestClassifier,0.6234000234000234,0.6620164870006341,1.6998919999459758,physio_all
7,groupshuffle,KNeighborsClassifier,0.6,0.62143310082435,1.375798083958216,physio_all
7,groupshuffle,SVC,0.6071648351648352,0.6499682942295497,1.4216006660135463,physio_all
7,groupshuffle,MLPClassifier,0.6378846378846379,0.6768125132107377,1.5549981670919806,physio_all
8,groupshuffle,RandomForestClassifier,0.7213584905660377,0.7253521126760563,1.5224705829750746,physio_all
8,groupshuffle,KNeighborsClassifier,0.638676844783715,0.6408450704225352,1.347582958987914,physio_all
8,groupshuffle,SVC,0.7372343085771443,0.7394366197183099,1.4202626250917092,physio_all
8,groupshuffle,MLPClassifier,0.6937659862580872,0.6971830985915493,1.5062164580449462,physio_all
9,groupshuffle,RandomForestClassifier,0.7327683044261847,0.715846436593833,1.6170455840183422,physio_all
9,groupshuffle,KNeighborsClassifier,0.6393482065534447,0.626608127424954,1.3095662500709295,physio_all
9,groupshuffle,SVC,0.7419440887750746,0.7267714927506637,1.6115283339750022,physio_all
9,groupshuffle,MLPClassifier,0.6702618912125954,0.6542781294670206,2.064540082938038,physio_all
0,random,RandomForestClassifier,0.7295238095238096,0.7244755244755245,0.6142422079574317,video
0,random,KNeighborsClassifier,0.6747496323271938,0.672027972027972,0.4268037499859929,video
0,random,SVC,0.7483031674208145,0.744055944055944,0.4392336249584332,video
0,random,MLPClassifier,0.7005012531328322,0.7006993006993008,0.6408528329338878,video
1,random,RandomForestClassifier,0.731814577175402,0.7416666666666667,0.6294798330636695,video
1,random,KNeighborsClassifier,0.6554380558862666,0.6583333333333333,0.4684724169783294,video
1,random,SVC,0.6723196320781833,0.6833333333333333,0.5736845830688253,video
1,random,MLPClassifier,0.6307692307692307,0.6333333333333333,0.856899542035535,video
2,random,RandomForestClassifier,0.8,0.784688995215311,0.6661695829825476,video
2,random,KNeighborsClassifier,0.7198873020499369,0.7093301435406698,0.4452026250073686,video
2,random,SVC,0.7900063251106896,0.7685406698564593,0.40294379193801433,video
2,random,MLPClassifier,0.7772218564845293,0.7697368421052632,0.5647056249435991,video
3,random,RandomForestClassifier,0.6233785822021116,0.6450892857142857,0.6082508330000564,video
3,random,KNeighborsClassifier,0.6662035750671483,0.6707589285714286,0.4258689589332789,video
3,random,SVC,0.6670899470899471,0.6863839285714286,0.501886082929559,video
3,random,MLPClassifier,0.7166666666666667,0.7198660714285714,0.7819915830623358,video
4,random,RandomForestClassifier,0.5673198214159166,0.5727979994442901,0.6415458329720423,video
4,random,KNeighborsClassifier,0.6494152046783626,0.6493470408446791,0.39635633409488946,video
4,random,SVC,0.584287671556469,0.5894692970269519,0.4932470419444144,video
4,random,MLPClassifier,0.581938244047619,0.5823839955543206,0.8915195839945227,video
5,random,RandomForestClassifier,0.6431005350605462,0.6574770258980784,0.6521551250480115,video
5,random,KNeighborsClassifier,0.7001667129758267,0.7009189640768588,0.45296412496827543,video
5,random,SVC,0.6657397107897663,0.6700083542188805,0.6613911670865491,video
5,random,MLPClassifier,0.6585470085470085,0.6587301587301587,0.9265429999213666,video
6,random,RandomForestClassifier,0.6428025851938896,0.629156010230179,0.6170683749951422,video
6,random,KNeighborsClassifier,0.6824285714285715,0.6734867860187552,0.45790804200805724,video
6,random,SVC,0.6142425984478298,0.6027280477408354,0.39744758408050984,video
6,random,MLPClassifier,0.6218909956023357,0.6099744245524297,0.6348325420403853,video
7,random,RandomForestClassifier,0.6867724867724868,0.6916666666666667,0.5642430420266464,video
7,random,KNeighborsClassifier,0.7493734335839598,0.75,0.36064441700000316,video
7,random,SVC,0.7206349206349206,0.725,0.5031139999628067,video
7,random,MLPClassifier,0.6666666666666666,0.6666666666666666,1.0267813329119235,video
8,random,RandomForestClassifier,0.6797337996696784,0.6657142857142857,0.6526698750676587,video
8,random,KNeighborsClassifier,0.6607021966991152,0.6614285714285715,0.44003699999302626,video
8,random,SVC,0.6244358478401032,0.6128571428571429,0.37017404101789,video
8,random,MLPClassifier,0.6108378422692246,0.6071428571428572,0.7586347499163821,video
9,random,RandomForestClassifier,0.6316964285714285,0.6333333333333333,0.49796808301471174,video
9,random,KNeighborsClassifier,0.7083130772970345,0.7083333333333333,0.33190637500956655,video
9,random,SVC,0.67316153362665,0.675,0.41128041699994355,video
9,random,MLPClassifier,0.6825396825396824,0.6833333333333333,0.9145981669425964,video
0,groupshuffle,RandomForestClassifier,0.612888388247442,0.6134593993325919,0.6661577500635758,video
0,groupshuffle,KNeighborsClassifier,0.5076158710305052,0.5097330367074527,0.5731016249628738,video
0,groupshuffle,SVC,0.4584600966044265,0.4691323692992213,1.0039137499406934,video
0,groupshuffle,MLPClassifier,0.4837053835069567,0.48748609566184653,0.7620593750616536,video
1,groupshuffle,RandomForestClassifier,0.6078585435745743,0.5869047619047619,0.5816728749778122,video
1,groupshuffle,KNeighborsClassifier,0.4623502496863545,0.4544642857142857,0.3874076249776408,video
1,groupshuffle,SVC,0.5438782635507069,0.5232142857142856,0.33906224998645484,video
1,groupshuffle,MLPClassifier,0.6202473660100779,0.6005952380952381,0.786695749964565,video
2,groupshuffle,RandomForestClassifier,0.5877935375425312,0.5928135405105438,0.5776039160555229,video
2,groupshuffle,KNeighborsClassifier,0.45374634175216366,0.507630410654828,0.38993420789483935,video
2,groupshuffle,SVC,0.5713052790442323,0.5760266370699223,0.4159112909110263,video
2,groupshuffle,MLPClassifier,0.6539444027047333,0.6516370699223085,0.8475989999715239,video
3,groupshuffle,RandomForestClassifier,0.6155714285714285,0.6052855924978687,0.6761372500332072,video
3,groupshuffle,KNeighborsClassifier,0.5731394621638525,0.592071611253197,0.48266837489791214,video
3,groupshuffle,SVC,0.6333333333333333,0.6248934356351237,0.49350541608873755,video
3,groupshuffle,MLPClassifier,0.5849555061179088,0.5916453537936914,0.8594568748958409,video
4,groupshuffle,RandomForestClassifier,0.6420983629792361,0.6346973572037511,0.9821468750014901,video
4,groupshuffle,KNeighborsClassifier,0.6188058035714286,0.6206308610400681,0.4017380001023412,video
4,groupshuffle,SVC,0.6188111888111888,0.618073316283035,0.42861116607673466,video
4,groupshuffle,MLPClassifier,0.6087957497048405,0.6210571184995738,0.6667612080927938,video
5,groupshuffle,RandomForestClassifier,0.5261987147800296,0.5839130434782609,0.6450783329783008,video
5,groupshuffle,KNeighborsClassifier,0.5397756133206199,0.5463768115942029,0.4481011669849977,video
5,groupshuffle,SVC,0.5699561876032465,0.6101449275362318,0.46726879209745675,video
5,groupshuffle,MLPClassifier,0.6059905632098146,0.6181159420289855,0.7442887090146542,video
6,groupshuffle,RandomForestClassifier,0.604417439761535,0.6174055829228242,0.5767420829506591,video
6,groupshuffle,KNeighborsClassifier,0.5703653524815969,0.5708812260536398,0.3634202079847455,video
6,groupshuffle,SVC,0.5906382387665811,0.6108374384236454,0.3711804999038577,video
6,groupshuffle,MLPClassifier,0.6447252949071131,0.6443623426382048,0.6640571249881759,video
7,groupshuffle,RandomForestClassifier,0.6272139126819847,0.643721198156682,0.6472373750293627,video
7,groupshuffle,KNeighborsClassifier,0.6098750248997514,0.6267281105990783,0.3980875000124797,video
7,groupshuffle,SVC,0.6555926672256464,0.6802995391705069,0.4023918340681121,video
7,groupshuffle,MLPClassifier,0.6349012663502032,0.6526497695852534,0.7154749169712886,video
8,groupshuffle,RandomForestClassifier,0.6684319171044873,0.6646306818181817,0.5437700420152396,video
8,groupshuffle,KNeighborsClassifier,0.5714285714285714,0.5747159090909091,0.3422357910312712,video
8,groupshuffle,SVC,0.6307752302958535,0.6306818181818181,0.8203881250228733,video
8,groupshuffle,MLPClassifier,0.6390127994406068,0.6410511363636364,1.8060015420196578,video
9,groupshuffle,RandomForestClassifier,0.50795690416427,0.5116120218579235,0.7219195839716122,video
9,groupshuffle,KNeighborsClassifier,0.4786268277177368,0.4796448087431694,0.5822482499061152,video
9,groupshuffle,SVC,0.4820799583350465,0.4867486338797814,1.2080004159361124,video
9,groupshuffle,MLPClassifier,0.49586776859504134,0.4959016393442623,0.9377113330410793,video
0,random,RandomForestClassifier,0.6310005783689995,0.5269360269360269,1.1872488330118358,audio
0,random,KNeighborsClassifier,0.6795625427204375,0.6026936026936027,1.1573946248972788,audio
0,random,SVC,0.6477521929824561,0.5454545454545454,1.0903119170106947,audio
0,random,MLPClassifier,0.7283834586466165,0.6531986531986532,1.3972708750516176,audio
1,random,RandomForestClassifier,0.6645459803354541,0.5589225589225589,1.1704602499958128,audio
1,random,KNeighborsClassifier,0.7631578947368421,0.7121212121212122,1.0453101249877363,audio
1,random,SVC,0.6393535018648985,0.5361952861952862,0.9985571668948978,audio
1,random,MLPClassifier,0.6903861499496929,0.6119528619528619,1.4957052499521524,audio
2,random,RandomForestClassifier,0.7185999825434233,0.5229166666666667,1.1407075410243124,audio
2,random,KNeighborsClassifier,0.7257617728531855,0.6333333333333333,0.9033263330347836,audio
2,random,SVC,0.7537749847254954,0.5625,0.9979288330068812,audio
2,random,MLPClassifier,0.6746545508155415,0.5166666666666666,1.4558254999574274,audio
3,random,RandomForestClassifier,0.6817322834645669,0.5623376623376624,1.4530642919708043,audio
3,random,KNeighborsClassifier,0.6791353383458647,0.5904761904761905,1.0003081249305978,audio
3,random,SVC,0.622327302631579,0.5056277056277056,1.1782545839669183,audio
3,random,MLPClassifier,0.703213641580587,0.6437229437229437,1.464141207979992,audio
4,random,RandomForestClassifier,0.6377624388840955,0.5701960784313725,3.3717325830366462,audio
4,random,KNeighborsClassifier,0.6981655977929849,0.6309803921568627,1.0108367920620367,audio
4,random,SVC,0.5963118908382066,0.54,0.9900491669541225,audio
4,random,MLPClassifier,0.693483709273183,0.6313725490196078,1.3910638339584693,audio
5,random,RandomForestClassifier,0.6056269706524375,0.5151763740771124,1.1331095000496134,audio
5,random,KNeighborsClassifier,0.6103612455504027,0.529532403609516,0.9605733749922365,audio
5,random,SVC,0.5952838789888106,0.5123051681706317,0.986174541991204,audio
5,random,MLPClassifier,0.685731302547734,0.610746513535685,1.1407883749343455,audio
6,random,RandomForestClassifier,0.6909950657894737,0.5714285714285714,1.238683458068408,audio
6,random,KNeighborsClassifier,0.6660617059891107,0.561038961038961,1.0205277919303626,audio
6,random,SVC,0.6909950657894737,0.5714285714285714,1.0069211670197546,audio
6,random,MLPClassifier,0.6420046490649828,0.5484848484848485,1.5409397090552375,audio
7,random,RandomForestClassifier,0.6477521929824561,0.5454545454545454,1.2397982500260696,audio
7,random,KNeighborsClassifier,0.7092931731122423,0.6127946127946128,1.0814780830405653,audio
7,random,SVC,0.6477521929824561,0.5454545454545454,1.0085529999341816,audio
7,random,MLPClassifier,0.7105263157894737,0.6481481481481481,1.3688397500663996,audio
8,random,RandomForestClassifier,0.622327302631579,0.5056277056277056,1.1655708749312907,audio
8,random,KNeighborsClassifier,0.6938898971566847,0.5939393939393939,0.9892340420046821,audio
8,random,SVC,0.6299026129530095,0.5147186147186147,0.9424149580299854,audio
8,random,MLPClassifier,0.61865189289012,0.5099567099567099,1.3763909590197727,audio
9,random,RandomForestClassifier,0.6737007874015749,0.5681818181818181,1.0884837500052527,audio
9,random,KNeighborsClassifier,0.7274725274725276,0.6355218855218856,1.0083242920227349,audio
9,random,SVC,0.6737007874015749,0.5681818181818181,1.0450757920043543,audio
9,random,MLPClassifier,0.7120848411020745,0.6304713804713805,1.4045609169406816,audio
0,groupshuffle,RandomForestClassifier,0.4887272727272727,0.4897959183673469,1.1512045840499923,audio
0,groupshuffle,KNeighborsClassifier,0.5654659805603202,0.5204081632653061,0.919338250067085,audio
0,groupshuffle,SVC,0.494949494949495,0.5,0.9530898329103366,audio
0,groupshuffle,MLPClassifier,0.6270051090746899,0.6045918367346939,1.53956358297728,audio
1,groupshuffle,RandomForestClassifier,0.7414743529851443,0.484375,1.2410504169529304,audio
1,groupshuffle,KNeighborsClassifier,0.6717171717171717,0.42908653846153844,1.087841416010633,audio
1,groupshuffle,SVC,0.6999316473000683,0.4375,1.1151936670066789,audio
1,groupshuffle,MLPClassifier,0.7193163511023464,0.5444711538461539,1.4665406249696389,audio
2,groupshuffle,RandomForestClassifier,0.2978967934720147,0.5,1.3368531670421362,audio
2,groupshuffle,KNeighborsClassifier,0.4460716588376163,0.4969512195121951,1.0119832089403644,audio
2,groupshuffle,SVC,0.2978967934720147,0.5,1.0207368329865858,audio
2,groupshuffle,MLPClassifier,0.4767099567099567,0.55420054200542,1.348997624940239,audio
3,groupshuffle,RandomForestClassifier,0.48240469208211145,0.47959183673469385,1.1391804589657113,audio
3,groupshuffle,KNeighborsClassifier,0.5394142089794264,0.5,0.9844054590212181,audio
3,groupshuffle,SVC,0.48240469208211145,0.47959183673469385,1.0411002909531817,audio
3,groupshuffle,MLPClassifier,0.5714685314685314,0.528061224489796,1.4623305420391262,audio
4,groupshuffle,RandomForestClassifier,0.5824175824175825,0.4818181818181818,1.1335453330539167,audio
4,groupshuffle,KNeighborsClassifier,0.6596675415573053,0.55,0.920756125007756,audio
4,groupshuffle,SVC,0.5952380952380952,0.5,1.0726149160182104,audio
4,groupshuffle,MLPClassifier,0.6730118823142078,0.5954545454545455,1.4633022909983993,audio
5,groupshuffle,RandomForestClassifier,0.4759793052475979,0.46938775510204084,1.1532819169806316,audio
5,groupshuffle,KNeighborsClassifier,0.5026080476900149,0.4872448979591837,0.9854894999880344,audio
5,groupshuffle,SVC,0.494949494949495,0.5,1.0525922919623554,audio
5,groupshuffle,MLPClassifier,0.6363636363636364,0.6071428571428572,1.5582541669718921,audio
6,groupshuffle,RandomForestClassifier,0.5718281718281718,0.49074074074074076,1.2599383329506963,audio
6,groupshuffle,KNeighborsClassifier,0.5424891112964507,0.45128824476650564,1.0209679160034284,audio
6,groupshuffle,SVC,0.5385974025974026,0.4444444444444444,1.0945154590299353,audio
6,groupshuffle,MLPClassifier,0.5313723017892064,0.45772946859903385,1.3928628750145435,audio
7,groupshuffle,RandomForestClassifier,0.5841220925966689,0.5726950354609929,1.1050390000455081,audio
7,groupshuffle,KNeighborsClassifier,0.5876623376623377,0.5634751773049645,0.913446499966085,audio
7,groupshuffle,SVC,0.5190014903129657,0.5333333333333333,0.9603075829800218,audio
7,groupshuffle,MLPClassifier,0.6571693612509939,0.6329787234042553,1.3910940409405157,audio
8,groupshuffle,RandomForestClassifier,0.5444478002617537,0.5,1.2061092499643564,audio
8,groupshuffle,KNeighborsClassifier,0.5963112517734367,0.5223076923076923,1.1932494590291753,audio
8,groupshuffle,SVC,0.5444478002617537,0.5,1.6426477499771863,audio
8,groupshuffle,MLPClassifier,0.7720190105511207,0.7223076923076923,2.8650403750361875,audio
9,groupshuffle,RandomForestClassifier,0.5824175824175825,0.4818181818181818,3.2452322500757873,audio
9,groupshuffle,KNeighborsClassifier,0.6244052302274175,0.5136363636363637,2.2484117079293355,audio
9,groupshuffle,SVC,0.5952380952380952,0.5,3.8602567500201985,audio
9,groupshuffle,MLPClassifier,0.6836734693877552,0.6045454545454546,3.033599832910113,audio
